sample_id,logger_ms,recording_ms,test_type,phase_label,camera_x,camera_y,camera_z,camera_qx,camera_qy,camera_qz,camera_qw,common_x,common_y,common_z,common_qx,common_qy,common_qz,common_qw,chest_x,chest_y,chest_z,chest_qx,chest_qy,chest_qz,chest_qw,navel_x,navel_y,navel_z,navel_qx,navel_qy,navel_qz,navel_qw
0,872058,101,hiding,all_visible,1.292441964,1.312659740,-1.047757983,-0.385098070,-0.229280755,-0.017390255,0.893771470,-0.168483198,-0.545363665,-1.198751450,0.904400349,-0.048398741,-0.072205432,0.417736739,-0.037319381,-0.566177368,-1.218126178,0.899200499,-0.034969423,-0.084622197,0.427848905,-0.103140473,-0.663196564,-1.126716256,0.927763999,-0.020426514,-0.063901961,0.367087603
1,872280,323,hiding,all_visible,1.305378199,1.313645482,-1.038713574,-0.383327693,-0.222007915,-0.020561095,0.896297753,-0.165033758,-0.549199164,-1.207993269,0.907948077,-0.050695620,-0.057367656,0.412030578,-0.033123806,-0.567192316,-1.220351577,0.901009917,-0.039621048,-0.072959177,0.425779670,-0.100688756,-0.662514746,-1.126409769,0.921917856,-0.019180743,-0.050947387,0.383541286
2,872473,516,hiding,all_visible,1.307090282,1.316235065,-1.031271338,-0.380036801,-0.214897081,-0.020285198,0.899433076,-0.156867728,-0.560340345,-1.220424533,0.909520328,-0.060200728,-0.054485388,0.407651931,-0.023544179,-0.569881320,-1.210987449,0.893096745,-0.044006959,-0.073316157,0.441663206,-0.093264379,-0.676115513,-1.139513731,0.939517379,-0.031593096,-0.056302186,0.336361468
3,872682,725,hiding,all_visible,1.304593444,1.318205953,-1.024995327,-0.377440929,-0.212379530,-0.020071471,0.901127338,-0.151339829,-0.562924981,-1.223515034,0.904511631,-0.058017533,-0.052130491,0.419255406,-0.017867096,-0.575751781,-1.219385862,0.895996153,-0.044427980,-0.066931896,0.436734676,-0.087639399,-0.676437140,-1.137488246,0.926733196,-0.030977348,-0.042687453,0.371999741
4,872891,934,hiding,all_visible,1.301200867,1.320979834,-1.016928434,-0.374382257,-0.209521934,-0.023703545,0.902982056,-0.137445718,-0.562437832,-1.224289060,0.905884445,-0.057862099,-0.040334690,0.417610466,-0.005059659,-0.580067992,-1.230341196,0.901642740,-0.047458347,-0.072326697,0.423741579,-0.074963257,-0.678489327,-1.144920707,0.933037400,-0.032506101,-0.049651571,0.354851097
5,873113,1156,hiding,all_visible,1.300877094,1.322271585,-1.011279464,-0.372788548,-0.208919227,-0.026214350,0.903711438,-0.132173985,-0.559555888,-1.219737649,0.899539232,-0.054625422,-0.044226751,0.431148738,0.000551842,-0.581928730,-1.236498833,0.898984551,-0.046220526,-0.063836515,0.430831045,-0.069876239,-0.672677219,-1.137331963,0.918113232,-0.027826969,-0.042229809,0.393078119
6,873335,1378,hiding,all_visible,1.301963925,1.322731733,-1.008148789,-0.371487558,-0.206213012,-0.025597682,0.904885590,-0.131770357,-0.567513108,-1.232488751,0.904293895,-0.058818296,-0.047148157,0.420202345,0.001315236,-0.578589499,-1.225073099,0.892719865,-0.047934450,-0.059973355,0.444023430,-0.068853214,-0.678154945,-1.143725753,0.924253523,-0.034873500,-0.041482978,0.377913296
7,873544,1587,hiding,all_visible,1.303681135,1.323771954,-1.007219672,-0.369602978,-0.204642728,-0.024979349,0.906030357,-0.129331529,-0.569180191,-1.222826242,0.899574339,-0.060404137,-0.038020872,0.430896431,0.003315467,-0.588215113,-1.230832577,0.895125628,-0.048429199,-0.062752217,0.438710451,-0.068325907,-0.682124376,-1.136642337,0.989161611,-0.022559237,0.015031555,0.144306719
8,873752,1795,hiding,all_visible,1.304565430,1.324243546,-1.007393122,-0.368191272,-0.201931521,-0.025964372,0.907185018,-0.123351894,-0.575903296,-1.226838589,0.905824244,-0.059434123,-0.042075183,0.417348534,0.009471592,-0.589264393,-1.221671462,0.890960038,-0.049340736,-0.054683302,0.448068589,-0.061448552,-0.689498305,-1.142925978,0.923686504,-0.037522420,-0.041087240,0.379087329
9,873974,2017,hiding,all_visible,1.304256916,1.324539304,-1.007713795,-0.367463350,-0.200109884,-0.026591895,0.907865405,-0.117351770,-0.573319256,-1.218420506,0.896453738,-0.061695006,-0.039773066,0.437015504,0.015053250,-0.595402241,-1.229913354,0.897652566,-0.051627658,-0.063018322,0.433108687,-0.057340011,-0.691998065,-1.141944170,0.982441604,-0.018561991,0.024421634,0.184031248
10,874183,2226,hiding,all_visible,1.302173734,1.324286819,-1.007939458,-0.367895305,-0.198647842,-0.025502525,0.908042789,-0.114718676,-0.571927905,-1.219348192,0.902665555,-0.060714476,-0.031901915,0.424842209,0.017634582,-0.592156053,-1.226547003,0.895740569,-0.053216279,-0.065350585,0.436515957,-0.054849938,-0.684976280,-1.135298014,0.920144200,-0.040389743,-0.030554891,0.388290733
11,874406,2449,hiding,all_visible,1.300186276,1.324056387,-1.007110715,-0.368293703,-0.197334468,-0.025322799,0.908172667,-0.111683980,-0.572817624,-1.225580931,0.901053965,-0.065077320,-0.041992843,0.426735610,0.020594932,-0.591132879,-1.228976250,0.897697926,-0.053878192,-0.064315215,0.432549626,-0.051736172,-0.682640135,-1.135479927,0.920614779,-0.039015967,-0.031553451,0.387234509
12,874614,2657,hiding,all_visible,1.299777150,1.323438883,-1.007026196,-0.369909763,-0.197238609,-0.025721529,0.907525241,-0.111482933,-0.569044948,-1.229114532,0.901769757,-0.061921477,-0.037729926,0.426090986,0.020998113,-0.581421614,-1.221108079,0.890725553,-0.058140259,-0.058306266,0.447021335,-0.050625317,-0.683111668,-1.145985723,0.927996397,-0.039791744,-0.039629832,0.368332416
13,874836,2879,hiding,all_visible,1.300135970,1.322770238,-1.007049561,-0.371936768,-0.197767526,-0.026765693,0.906551003,-0.111570515,-0.562268257,-1.228273749,0.901941240,-0.059847049,-0.036926754,0.426094800,0.020888332,-0.577760160,-1.227904320,0.896196723,-0.051729508,-0.053985562,0.437311232,-0.050764635,-0.677980661,-1.148743153,0.927196026,-0.038783073,-0.039158039,0.370499790
14,875045,3088,hiding,all_visible,1.299747586,1.322307467,-1.007093787,-0.373493195,-0.198248938,-0.027074456,0.905796409,-0.111968063,-0.555381179,-1.225731134,0.901290894,-0.061168920,-0.038046766,0.427183300,0.020534165,-0.574852347,-1.232653141,0.898449004,-0.052918918,-0.062672243,0.431348056,-0.052043743,-0.671921611,-1.145750403,0.988326788,-0.018519843,0.031587753,0.147882879
15,875253,3296,hiding,all_visible,1.299144149,1.322338104,-1.007127285,-0.374005198,-0.197816566,-0.026870251,0.905685782,-0.112089992,-0.559293032,-1.237406254,0.911134243,-0.061924338,-0.039595574,0.405502021,0.021033555,-0.572879732,-1.231789231,0.897617042,-0.050711237,-0.051278334,0.434836268,-0.050917853,-0.672808230,-1.152086139,0.931258142,-0.033884175,-0.031026321,0.361451864
16,875475,3518,hiding,all_visible,1.298983693,1.321993589,-1.007125497,-0.375058830,-0.197514772,-0.027253879,0.905304372,-0.109707743,-0.550759077,-1.228303432,0.902234316,-0.062387653,-0.032007258,0.425507426,0.023333039,-0.575579643,-1.244414449,0.901541233,-0.052610990,-0.055460192,0.425886929,-0.050255798,-0.668506980,-1.150829077,0.927810550,-0.034549382,-0.033161942,0.369965196
17,875683,3726,hiding,all_visible,1.298714757,1.322243929,-1.007068276,-0.374996692,-0.197818294,-0.028127251,0.905237138,-0.109187864,-0.554066181,-1.234512687,0.906219721,-0.060430266,-0.040484965,0.416503251,0.023504306,-0.570660770,-1.234178066,0.896337032,-0.050456416,-0.055284720,0.437009931,-0.048608251,-0.673912883,-1.159299135,0.937724888,-0.033321381,-0.015721798,0.345419377
18,875905,3948,hiding,all_visible,1.298682809,1.322515965,-1.007150769,-0.374619514,-0.197798565,-0.027838299,0.905406535,-0.109144107,-0.554924846,-1.233332872,0.906482637,-0.064147502,-0.043378793,0.415081441,0.023410961,-0.571622491,-1.234843969,0.899293900,-0.050642684,-0.060446672,0.430176735,-0.048628129,-0.672862589,-1.156005859,0.929504812,-0.038897701,-0.032593243,0.365301877
19,876127,4170,hiding,all_visible,1.298763275,1.322485328,-1.007478118,-0.374789238,-0.197628856,-0.027579486,0.905381262,-0.109250002,-0.551745057,-1.226804972,0.902739584,-0.063146055,-0.035503205,0.424044043,0.023204360,-0.571324944,-1.234227061,0.899921298,-0.051403597,-0.061489575,0.428623855,-0.049642466,-0.668007016,-1.146359563,0.988963962,-0.016259044,0.044565324,0.140356362
20,876336,4379,hiding,all_visible,1.298953056,1.322182894,-1.008164883,-0.375602663,-0.197813645,-0.027050331,0.905019701,-0.111709371,-0.554571867,-1.237179875,0.908071339,-0.063033774,-0.038389757,0.412261337,0.022141993,-0.572991908,-1.241166472,0.900322914,-0.058040418,-0.053317197,0.428027213,-0.050682209,-0.667610049,-1.151186466,0.928350866,-0.037286337,-0.030839428,0.368542254
21,876545,4588,hiding,all_visible,1.298921108,1.321999788,-1.008616567,-0.376058221,-0.197204396,-0.026815439,0.904970527,-0.110759363,-0.554621339,-1.239142895,0.911110461,-0.066559702,-0.025505394,0.405951977,0.022706963,-0.571839154,-1.240442514,0.903173983,-0.056903925,-0.058649085,0.421424955,-0.050256219,-0.665032029,-1.147943258,0.922819376,-0.040301554,-0.039786756,0.381047517
22,876767,4810,hiding,all_visible,1.298686743,1.321869254,-1.009413242,-0.376428097,-0.196850479,-0.026834613,0.904893219,-0.108975731,-0.550858617,-1.232032776,0.905579567,-0.063624181,-0.043013319,0.417165965,0.023413904,-0.567889750,-1.233423710,0.900020599,-0.051484108,-0.059583697,0.428674787,-0.049079955,-0.666703761,-1.149385929,0.987603724,-0.019300599,0.042643942,0.149826139
23,876989,5032,hiding,all_visible,1.298331857,1.321493149,-1.010474920,-0.377090096,-0.196039587,-0.026555888,0.904801846,-0.108055823,-0.552450597,-1.238998652,0.908853352,-0.066151626,-0.027342550,0.410928130,0.025464598,-0.570455551,-1.241274118,0.902039230,-0.058423527,-0.052951101,0.424391508,-0.047918670,-0.665822744,-1.152095079,0.932332456,-0.042365260,-0.045297418,0.356243610
24,877211,5254,hiding,all_visible,1.297903895,1.321579695,-1.010970235,-0.377047122,-0.196355566,-0.026577700,0.904750586,-0.109220661,-0.558223724,-1.250171661,0.914203882,-0.067755595,-0.034503777,0.398057699,0.025042616,-0.570719481,-1.239708424,0.905344009,-0.056975573,-0.054331444,0.417317688,-0.048108123,-0.667398036,-1.153246641,0.931193173,-0.036119662,-0.031836189,0.361332506
25,877434,5477,hiding,all_visible,1.297368884,1.321683645,-1.011348605,-0.377086610,-0.195818365,-0.026304979,0.904858530,-0.107458562,-0.551459312,-1.235569596,0.907763839,-0.066810437,-0.030970149,0.412967414,0.025971137,-0.570912123,-1.239140987,0.904709280,-0.055813681,-0.063805826,0.417510211,-0.047687713,-0.665248215,-1.149577260,0.928912580,-0.037002288,-0.038048360,0.366475970
26,877656,5699,hiding,all_visible,1.296742916,1.321563482,-1.011234522,-0.377547115,-0.195688546,-0.025655329,0.904713213,-0.108126953,-0.552524447,-1.239937901,0.911260843,-0.069429070,-0.032320734,0.404646397,0.025374036,-0.570713401,-1.241795421,0.902803957,-0.059359904,-0.052367173,0.422704458,-0.048243158,-0.667396486,-1.155304193,0.932147086,-0.041254558,-0.037860312,0.357724130
27,877878,5921,hiding,all_visible,1.296774626,1.321266770,-1.011325002,-0.378152430,-0.195793346,-0.025686290,0.904436767,-0.108201049,-0.549914598,-1.239614487,0.909272134,-0.066013299,-0.027697947,0.409999073,0.025331024,-0.567916751,-1.241748452,0.904783964,-0.058736064,-0.054626338,0.418248743,-0.048475124,-0.667559803,-1.159568310,0.933171332,-0.035635974,-0.023186883,0.356908560
28,878100,6143,hiding,all_visible,1.296495676,1.321093798,-1.011315584,-0.378462046,-0.195787698,-0.025646303,0.904309630,-0.108076923,-0.548477292,-1.237663984,0.908065617,-0.064864010,-0.025105307,0.413012385,0.025290333,-0.566877663,-1.241087198,0.901362777,-0.059615131,-0.052394114,0.425730050,-0.048040599,-0.662529290,-1.153210998,0.926871240,-0.040903460,-0.038027298,0.371201575
29,878322,6365,hiding,all_visible,1.295760751,1.320973635,-1.010993361,-0.378658593,-0.194941103,-0.025843350,0.904404640,-0.105525054,-0.548967361,-1.241926074,0.906117022,-0.072677210,-0.037706170,0.415028065,0.026822746,-0.560613692,-1.229195476,0.896864653,-0.059665546,-0.060927924,0.434006423,-0.045876283,-0.664709806,-1.157881498,0.928444386,-0.040391497,-0.030735591,0.367987633
30,878531,6574,hiding,all_visible,1.295516849,1.321148634,-1.010539293,-0.378537953,-0.195351064,-0.026208293,0.904356182,-0.106090009,-0.551268816,-1.247419477,0.910327733,-0.069568917,-0.035697591,0.406434804,0.026980121,-0.562197924,-1.234494209,0.901070237,-0.054141738,-0.054345824,0.426834404,-0.045877632,-0.664505243,-1.157921553,0.926925898,-0.038921483,-0.025419241,0.372353852
31,878753,6796,hiding,all_visible,1.295377254,1.321698904,-1.009778619,-0.377386719,-0.195918217,-0.026694480,0.904700339,-0.105896443,-0.553267300,-1.245317101,0.908712387,-0.069536343,-0.035363298,0.410068244,0.026986100,-0.564620078,-1.233378410,0.899902463,-0.053463895,-0.056050982,0.429156721,-0.045560628,-0.665990889,-1.155995727,0.933367431,-0.035856083,-0.031812645,0.355707049
32,878975,7018,hiding,all_visible,1.294692636,1.322041392,-1.009727478,-0.377124578,-0.194990531,-0.026067456,0.905028284,-0.104601204,-0.549880445,-1.236422658,0.904571295,-0.070767805,-0.031576604,0.419220239,0.028616540,-0.569375336,-1.240374327,0.899596512,-0.060965523,-0.059899759,0.428277254,-0.045055263,-0.661944211,-1.147904277,0.921792269,-0.041589469,-0.038552813,0.383514047
33,879197,7240,hiding,all_visible,1.294309020,1.322262168,-1.009592175,-0.376827598,-0.194879889,-0.025404712,0.905194700,-0.105019271,-0.551904142,-1.238758683,0.910970747,-0.068799786,-0.026597321,0.405821949,0.028236598,-0.570789039,-1.241837382,0.900866032,-0.057925325,-0.051568549,0.427113354,-0.045394227,-0.666284800,-1.153938293,0.930409074,-0.042066466,-0.039716259,0.361928135
34,879405,7448,hiding,all_visible,1.293730021,1.322589159,-1.009266496,-0.376147211,-0.194192067,-0.024786908,0.905642509,-0.104325823,-0.551254928,-1.233397841,0.901498973,-0.071805350,-0.037547119,0.425128013,0.028926652,-0.572499692,-1.240214109,0.899331808,-0.060557891,-0.061579682,0.428652525,-0.045120656,-0.665910184,-1.149535298,0.923230886,-0.042968366,-0.039604370,0.379776210
35,879628,7671,hiding,all_visible,1.293289304,1.322613239,-1.009087563,-0.376144469,-0.193677381,-0.024176255,0.905770361,-0.103451408,-0.549429059,-1.229498863,0.899830759,-0.069254540,-0.043281816,0.428526670,0.028877076,-0.571075022,-1.237063766,0.898591161,-0.060664821,-0.063148707,0.429960549,-0.045151364,-0.666229188,-1.150103450,0.923390269,-0.042180065,-0.036572542,0.379781127
36,879850,7893,hiding,all_visible,1.293125033,1.322405219,-1.009478927,-0.376528144,-0.193693563,-0.023976121,0.905612826,-0.104763933,-0.551096857,-1.235710859,0.905818880,-0.067133553,-0.029726775,0.417254776,0.028357446,-0.570195317,-1.237495422,0.899619997,-0.059625451,-0.057558920,0.428737283,-0.045349136,-0.666734099,-1.153242826,0.927772224,-0.039590552,-0.035983905,0.369291872
37,880072,8115,hiding,all_visible,1.293153882,1.322675705,-1.009593964,-0.375691980,-0.193553686,-0.023803113,0.905994415,-0.103488348,-0.552473485,-1.231867194,0.904013395,-0.064776711,-0.038662042,0.420795619,0.028915077,-0.572217286,-1.234326243,0.899916887,-0.058396976,-0.065406613,0.427154958,-0.044797737,-0.667394936,-1.148001313,0.921145141,-0.042774305,-0.037213091,0.385067791
38,880308,8351,hiding,all_visible,1.293229461,1.322259665,-1.010413170,-0.376153260,-0.192707032,-0.024178496,0.905973613,-0.101756401,-0.553173482,-1.235397696,0.899858654,-0.069547176,-0.034287252,0.429234207,0.031301878,-0.573333979,-1.239079833,0.900192082,-0.059393752,-0.056615964,0.427692920,-0.042823348,-0.670903027,-1.155734420,0.935749948,-0.047813304,-0.048343934,0.346047372
39,880530,8573,hiding,all_visible,1.294218779,1.322319984,-1.011060476,-0.375980318,-0.193376645,-0.025214640,0.905874431,-0.101918429,-0.553921342,-1.234650612,0.907039404,-0.067197599,-0.028791698,0.414650440,0.031306617,-0.572966456,-1.236624718,0.900884867,-0.059064649,-0.057423934,0.426169336,-0.042306408,-0.668656945,-1.150332689,0.927580893,-0.042225186,-0.038009085,0.369277775
40,880739,8782,hiding,all_visible,1.294266820,1.322509050,-1.011388779,-0.375594139,-0.193464056,-0.024895418,0.906024754,-0.102135785,-0.556855083,-1.236829996,0.908530474,-0.069052182,-0.026437642,0.411224127,0.031114891,-0.577397585,-1.242890000,0.899987459,-0.057260379,-0.044678763,0.429822743,-0.042955581,-0.673659444,-1.155589104,0.936506271,-0.045861807,-0.044053987,0.344836116
41,880961,9004,hiding,all_visible,1.294236422,1.322520256,-1.011570692,-0.375810623,-0.193057045,-0.024713751,0.906026840,-0.101706542,-0.554134727,-1.232804060,0.903286934,-0.072216190,-0.034884460,0.421474338,0.031263039,-0.574181676,-1.237019420,0.898616076,-0.060002085,-0.053417787,0.431318313,-0.042609319,-0.670228601,-1.151429892,0.925511479,-0.043043118,-0.036115367,0.374528378
42,881187,9230,hiding,all_visible,1.294082522,1.322382092,-1.011199951,-0.375949472,-0.193190008,-0.025077829,0.905930877,-0.101512410,-0.553313136,-1.232673883,0.905865550,-0.068921603,-0.033111747,0.416606575,0.031671077,-0.574018955,-1.238048077,0.900551856,-0.058759902,-0.059365533,0.426649004,-0.042220801,-0.667314887,-1.147328973,0.923026979,-0.042643003,-0.034537811,0.380801708
43,881405,9448,hiding,all_visible,1.293792963,1.322336078,-1.010669231,-0.375929832,-0.192885563,-0.024808602,0.906011283,-0.100867368,-0.551417351,-1.229612112,0.903892457,-0.064279832,-0.033813622,0.421548575,0.031648822,-0.572411597,-1.235034347,0.900070846,-0.058532555,-0.061189253,0.427436948,-0.041971207,-0.666063249,-1.145820141,0.924174726,-0.044531152,-0.036215778,0.377632737
44,881628,9671,hiding,all_visible,1.293685079,1.322391629,-1.010200381,-0.375895828,-0.192913979,-0.024814373,0.906019211,-0.100795262,-0.551065028,-1.229249001,0.903679073,-0.064048059,-0.033838540,0.422039092,0.031706080,-0.572645605,-1.235867977,0.900465548,-0.058656920,-0.062281448,0.426429540,-0.041959491,-0.665161967,-1.144743085,0.921614110,-0.044078566,-0.034953225,0.384008855
45,881850,9893,hiding,all_visible,1.293447614,1.322820306,-1.009900570,-0.375253737,-0.192900777,-0.024528313,0.906295896,-0.100827828,-0.552864790,-1.228706121,0.904302061,-0.068022147,-0.036166344,0.419884205,0.031941377,-0.576511383,-1.241014242,0.901114106,-0.059349939,-0.059873119,0.425307184,-0.042216670,-0.669325829,-1.149502158,0.926722229,-0.043712668,-0.038914997,0.371161461
46,882058,10101,hiding,all_visible,1.292643309,1.323369741,-1.009746552,-0.374539673,-0.192515031,-0.023989169,0.906687677,-0.100549735,-0.554463863,-1.227360725,0.899946094,-0.069337159,-0.044140499,0.428183377,0.031735457,-0.576415181,-1.235486507,0.898265481,-0.061460566,-0.062973596,0.430553228,-0.042139813,-0.669871926,-1.146291494,0.921737731,-0.042609032,-0.034546793,0.383914798
47,882280,10323,hiding,all_visible,1.291762352,1.323845029,-1.009529114,-0.373762250,-0.192382976,-0.023123858,0.907058895,-0.101537302,-0.559697151,-1.232675076,0.903430223,-0.070235893,-0.035686567,0.421434760,0.031649090,-0.579043865,-1.234684944,0.897612035,-0.061365061,-0.062395677,0.432011276,-0.042347863,-0.674450099,-1.148986220,0.923627853,-0.043997250,-0.038505558,0.378805012
48,882502,10545,hiding,all_visible,1.290948272,1.323848605,-1.009411097,-0.373750299,-0.191503644,-0.022521026,0.907265067,-0.099449553,-0.560575724,-1.234697223,0.904067457,-0.072447114,-0.032094233,0.419980288,0.033387728,-0.580661952,-1.238433838,0.898613095,-0.062733471,-0.052001264,0.431108892,-0.041377500,-0.671001554,-1.143521070,0.917461157,-0.042442579,-0.017760605,0.395155907
49,882725,10768,hiding,all_visible,1.290422797,1.323720932,-1.009306312,-0.373829067,-0.191478565,-0.021981584,0.907251120,-0.100457378,-0.564409792,-1.245203495,0.912687123,-0.070966132,-0.036637485,0.400778860,0.032002151,-0.577581167,-1.232174158,0.896145940,-0.062065706,-0.062313661,0.434956700,-0.041949537,-0.668905020,-1.140688062,0.916047335,-0.045617290,-0.034008253,0.397013605
50,882947,10990,hiding,all_visible,1.290014863,1.323995590,-1.008879781,-0.373115867,-0.191371962,-0.021647539,0.907575190,-0.100406870,-0.565953434,-1.243462443,0.909841895,-0.071334861,-0.034931999,0.407282233,0.032028146,-0.580637336,-1.233869910,0.898482084,-0.060393780,-0.065313414,0.429903150,-0.042320799,-0.673464894,-1.145398021,0.927016139,-0.048012819,-0.052658677,0.368188649
51,883155,11198,hiding,all_visible,1.289484739,1.324058056,-1.008496642,-0.373109013,-0.191404089,-0.021112598,0.907583833,-0.101318382,-0.559247434,-1.229975820,0.900875390,-0.072574265,-0.037328109,0.426336855,0.031861827,-0.584499240,-1.242456913,0.902412117,-0.059158321,-0.060306169,0.422511429,-0.043073010,-0.678059340,-1.153203964,0.930983007,-0.049789052,-0.048555147,0.358377010
52,883368,11411,hiding,all_visible,1.289213657,1.323867917,-1.008234978,-0.373352826,-0.191066876,-0.020772908,0.907562435,-0.100659661,-0.557849884,-1.228679299,0.901044607,-0.070956349,-0.041889943,0.425827533,0.031749673,-0.580444217,-1.236931086,0.898408413,-0.061916113,-0.062827304,0.430210948,-0.042842489,-0.678964078,-1.156200528,0.928008199,-0.045326624,-0.034487892,0.368180484
53,883586,11629,hiding,all_visible,1.289194584,1.323959231,-1.007600546,-0.373218656,-0.191464737,-0.021022853,0.907528043,-0.101801172,-0.559508562,-1.232111454,0.902596116,-0.073277935,-0.034497160,0.422800839,0.031208411,-0.580439210,-1.237278581,0.897570789,-0.061850812,-0.054198358,0.433132410,-0.043188248,-0.678630829,-1.155705810,0.928321660,-0.044898737,-0.034011155,0.367486387
54,883809,11852,hiding,all_visible,1.289347529,1.323981881,-1.007188320,-0.373103917,-0.191493124,-0.020915845,0.907571673,-0.101905845,-0.559834719,-1.232453465,0.902925372,-0.073616914,-0.034307431,0.422053754,0.030984774,-0.580538273,-1.237251163,0.897688091,-0.061793946,-0.052097645,0.433155239,-0.043306515,-0.679041505,-1.156271577,0.929304838,-0.045455117,-0.033389784,0.364981413
55,884016,12059,hiding,all_visible,1.289016485,1.323677778,-1.007512569,-0.373428702,-0.191207990,-0.021105427,0.907493830,-0.100710794,-0.564494252,-1.246038318,0.910095334,-0.070729345,-0.036498051,0.406683862,0.031821802,-0.577537060,-1.232231498,0.896599174,-0.063500918,-0.067480668,0.433040291,-0.042109691,-0.670277238,-1.143939972,0.921446383,-0.050015870,-0.048386686,0.382222116
56,884239,12282,hiding,all_visible,1.288396358,1.324170470,-1.007250547,-0.372080147,-0.191045120,-0.020771237,0.908089578,-0.099138968,-0.562665105,-1.231904387,0.902790904,-0.074350789,-0.036265612,0.422048956,0.033635437,-0.586401880,-1.242850661,0.900988400,-0.062452231,-0.052782614,0.426067650,-0.041493170,-0.673512399,-1.142017722,0.917115927,-0.042699039,-0.019111359,0.395866096
57,884448,12491,hiding,all_visible,1.287621975,1.324046612,-1.007131815,-0.372486889,-0.189943478,-0.020847525,0.908152223,-0.096836023,-0.564224482,-1.239683867,0.907509089,-0.072222866,-0.029227637,0.412743062,0.036209613,-0.584622025,-1.241384745,0.901606560,-0.067902580,-0.063445307,0.422456592,-0.039311431,-0.672157049,-1.142764688,0.917428434,-0.050290756,-0.041319691,0.392541200
58,884669,12712,hiding,all_visible,1.286554933,1.324022532,-1.006743193,-0.372168571,-0.189270884,-0.020228263,0.908437073,-0.096105099,-0.563666701,-1.239110231,0.904028416,-0.076704957,-0.035972502,0.418992847,0.036714539,-0.582043886,-1.235240459,0.895579457,-0.064881697,-0.052959319,0.436947554,-0.037994161,-0.675695717,-1.148027539,0.922647059,-0.050753109,-0.030968929,0.381034821
59,884891,12934,hiding,all_visible,1.285948157,1.323856354,-1.006358266,-0.372300357,-0.188386947,-0.020761054,0.908554792,-0.093216166,-0.559272289,-1.230959773,0.901480377,-0.075692795,-0.034757540,0.424730092,0.039342314,-0.579769611,-1.232433915,0.894681036,-0.070242472,-0.058967553,0.437189490,-0.035605405,-0.676894188,-1.151979327,0.928109109,-0.044638753,-0.014620136,0.369333327
60,885100,13143,hiding,all_visible,1.285468102,1.324091673,-1.005709052,-0.372183353,-0.188380271,-0.020728057,0.908604860,-0.093219765,-0.559314311,-1.231392860,0.901537538,-0.074393876,-0.031197123,0.425114512,0.039461762,-0.580188751,-1.234417200,0.897827983,-0.067360699,-0.057688512,0.431322962,-0.035529692,-0.676659107,-1.152260303,0.924443305,-0.043615457,-0.015332598,0.378506541
61,885308,13351,hiding,all_visible,1.284696341,1.324354053,-1.005522728,-0.371937901,-0.188097939,-0.019996062,0.908780217,-0.093378440,-0.561178029,-1.234423161,0.902724028,-0.075718813,-0.033714797,0.422160327,0.039328493,-0.582453728,-1.236589074,0.896449387,-0.066462561,-0.053929787,0.434802026,-0.035756189,-0.674569786,-1.147110343,0.920618355,-0.050937332,-0.025048429,0.386315674
62,885531,13574,hiding,all_visible,1.284161687,1.324219346,-1.005425811,-0.372122467,-0.187378541,-0.019365337,0.908866942,-0.092860967,-0.566869736,-1.247111917,0.910270631,-0.078051917,-0.030634169,0.405434072,0.039677918,-0.580521345,-1.233311176,0.893401682,-0.067022987,-0.054393221,0.440888643,-0.035553120,-0.677145302,-1.152256012,0.928655982,-0.048140984,-0.028216019,0.366721183
63,885753,13796,hiding,all_visible,1.283846259,1.324472666,-1.004807115,-0.371598780,-0.187335685,-0.018930493,0.909099162,-0.093200244,-0.562304020,-1.234600306,0.897502661,-0.074713923,-0.029258603,0.433648229,0.039467134,-0.582590997,-1.234585285,0.898808777,-0.067412615,-0.055916939,0.429501683,-0.035643153,-0.676814437,-1.149353027,0.924978316,-0.050735720,-0.022137050,0.375966728
64,885965,14008,hiding,all_visible,1.283640981,1.324636459,-1.004193664,-0.371384054,-0.187403336,-0.018707389,0.909177601,-0.093264326,-0.561200142,-1.231063366,0.896038711,-0.078983963,-0.037719991,0.435262471,0.039292499,-0.584022164,-1.236216545,0.898667037,-0.069257334,-0.059621163,0.429006159,-0.036122177,-0.676242650,-1.148064852,0.923937321,-0.049478050,-0.024111798,0.378563553
65,886183,14226,hiding,all_visible,1.283531189,1.324817061,-1.004110694,-0.370978922,-0.187529102,-0.018345593,0.909324408,-0.093478791,-0.563310146,-1.233200788,0.902513981,-0.076145150,-0.033127107,0.422579080,0.039244391,-0.586354673,-1.238291979,0.897124350,-0.068945542,-0.054138869,0.432993501,-0.037155665,-0.684659719,-1.159736395,0.933636785,-0.051447731,-0.045281578,0.351603568
66,886405,14448,hiding,all_visible,1.283260703,1.324723721,-1.004604220,-0.371059567,-0.186645389,-0.017834434,0.909483492,-0.093241706,-0.564656973,-1.235586286,0.903179348,-0.076793760,-0.029437507,0.421311378,0.039277837,-0.584281385,-1.233618379,0.894815147,-0.066381484,-0.052641731,0.438324302,-0.035924073,-0.678970575,-1.149192572,0.921851158,-0.051904485,-0.023314666,0.383344293
67,886614,14657,hiding,all_visible,1.283398986,1.324878216,-1.005325913,-0.370653450,-0.186940953,-0.017693363,0.909591138,-0.093286365,-0.564246416,-1.229508162,0.900336981,-0.076324247,-0.033134378,0.427165091,0.039130203,-0.586847126,-1.233672738,0.893277705,-0.069520444,-0.054084778,0.440791011,-0.037081022,-0.685671747,-1.157108545,0.930815160,-0.052450534,-0.044220801,0.358993918
68,886836,14879,hiding,all_visible,1.283798933,1.324572086,-1.006371260,-0.371038556,-0.186967254,-0.017863359,0.909425378,-0.093238145,-0.564254820,-1.230743885,0.902958393,-0.078630745,-0.036305115,0.420910120,0.039137423,-0.585315704,-1.231773376,0.893971980,-0.072234519,-0.059238944,0.438277453,-0.036811940,-0.685138345,-1.157136679,0.933877826,-0.056843054,-0.050323635,0.349440426
69,887044,15087,hiding,all_visible,1.283393741,1.324499249,-1.006739974,-0.371126235,-0.186365440,-0.017152874,0.909526825,-0.093222760,-0.564964771,-1.230861425,0.900323451,-0.075857699,-0.031249491,0.427418798,0.039154842,-0.585567534,-1.230937719,0.891965032,-0.069019780,-0.054515883,0.443466663,-0.037081998,-0.686092377,-1.157355666,0.932442784,-0.053787731,-0.049430240,0.353855908
70,887267,15310,hiding,all_visible,1.283316493,1.324543953,-1.006610990,-0.371173292,-0.185980931,-0.017290900,0.909583688,-0.092425995,-0.570337117,-1.243030071,0.908765495,-0.081746928,-0.030981947,0.408047587,0.040200368,-0.586941838,-1.233881235,0.892234385,-0.068017155,-0.058752671,0.442537725,-0.035674185,-0.681383610,-1.150208831,0.926674783,-0.050385144,-0.023851691,0.371707231
71,887475,15518,hiding,all_visible,1.283202767,1.324378133,-1.006455541,-0.371335328,-0.185759947,-0.017461123,0.909559488,-0.090566814,-0.563461244,-1.232052445,0.901686728,-0.076620080,-0.032952294,0.424269438,0.041972272,-0.587882519,-1.237778306,0.896830261,-0.073490232,-0.058704488,0.432259738,-0.034484088,-0.680693626,-1.151000500,0.924650848,-0.057177730,-0.049880240,0.373180360
72,887697,15740,hiding,all_visible,1.282927632,1.324343681,-1.006335378,-0.371285588,-0.185607374,-0.017760040,0.909605145,-0.090201043,-0.563702106,-1.232175946,0.899720848,-0.078875616,-0.032323800,0.428060979,0.042053334,-0.585782468,-1.233870625,0.897811830,-0.070305496,-0.056965590,0.430982649,-0.034070402,-0.681444407,-1.149880409,0.985053360,-0.033786140,0.045287143,0.162719011
73,887919,15962,hiding,all_visible,1.283290863,1.324464083,-1.006089449,-0.371238381,-0.185672477,-0.018111438,0.909604192,-0.090299062,-0.566225529,-1.238156199,0.904632807,-0.078235127,-0.026344681,0.418120503,0.042007297,-0.583752155,-1.230693936,0.897692621,-0.068969689,-0.055614706,0.431622714,-0.033264209,-0.679663539,-1.149633527,0.922664523,-0.051786758,-0.019328188,0.381621242
74,888128,16171,hiding,all_visible,1.283002138,1.324496865,-1.005942941,-0.371038884,-0.185803607,-0.017901093,0.909662962,-0.090229303,-0.564174116,-1.232330322,0.897974849,-0.082124367,-0.037388336,0.430695862,0.042009041,-0.586146355,-1.234364629,0.896771371,-0.070513360,-0.055855639,0.433254153,-0.034176841,-0.680393159,-1.149778366,0.926965475,-0.053945176,-0.040988576,0.368978113
75,888350,16393,hiding,all_visible,1.282642603,1.324406743,-1.006052732,-0.371629059,-0.184974447,-0.017860653,0.909591854,-0.088217653,-0.563326359,-1.234443784,0.905528903,-0.080456607,-0.033178095,0.415262938,0.043694735,-0.587313950,-1.240519404,0.896944404,-0.066930570,-0.055647876,0.433490872,-0.032830950,-0.679089189,-1.150849581,0.927167296,-0.047363535,-0.016206264,0.371288210
76,888575,16618,hiding,all_visible,1.282383919,1.324419141,-1.006004572,-0.371430784,-0.184417978,-0.017521169,0.909792364,-0.087574713,-0.561556935,-1.229318023,0.900153816,-0.076809727,-0.031830329,0.427563101,0.044962518,-0.589364052,-1.242481589,0.902992606,-0.071228765,-0.056180678,0.419969738,-0.031981509,-0.679629207,-1.150139332,0.922734499,-0.056445714,-0.042392876,0.378916502
77,888780,16823,hiding,all_visible,1.282176614,1.324682593,-1.006040096,-0.371198475,-0.184477597,-0.016765952,0.909889340,-0.089656860,-0.568504870,-1.241322756,0.903021216,-0.085351519,-0.028660487,0.420055300,0.042288743,-0.584323525,-1.229784369,0.892646790,-0.072167337,-0.056532335,0.441336334,-0.033351906,-0.684307694,-1.156003475,0.932626188,-0.054151077,-0.021584988,0.356104106
78,889006,17049,hiding,all_visible,1.281947374,1.324772239,-1.005936384,-0.371518463,-0.184588730,-0.016593695,0.909739375,-0.090239190,-0.563857079,-1.234047294,0.902871490,-0.078979596,-0.030042054,0.421524286,0.041923612,-0.585222065,-1.233455539,0.897949278,-0.071359396,-0.056866374,0.430535913,-0.034351312,-0.678442359,-1.148054004,0.920105696,-0.056054622,-0.041494757,0.385410964
79,889225,17268,hiding,all_visible,1.281870604,1.324932218,-1.006135702,-0.371415883,-0.183977857,-0.016073814,0.909914315,-0.089916170,-0.569906294,-1.245261192,0.905273974,-0.083488323,-0.028725304,0.415552229,0.042223744,-0.583813190,-1.228856921,0.892507076,-0.073107235,-0.057796303,0.441300392,-0.033459991,-0.683715820,-1.155514717,0.929631054,-0.055235647,-0.023110060,0.363594562
80,889447,17490,hiding,all_visible,1.282031894,1.324768662,-1.006716371,-0.371599942,-0.183919758,-0.015773997,0.909856141,-0.090127371,-0.565252542,-1.236088753,0.902542233,-0.082385205,-0.032820310,0.421370417,0.041967057,-0.585167408,-1.231590748,0.894216657,-0.073068336,-0.054712605,0.438228428,-0.034496002,-0.679289162,-1.148531795,0.923707664,-0.059856709,-0.056500878,0.374151051
81,889655,17698,hiding,all_visible,1.282248378,1.324498653,-1.007417798,-0.372228026,-0.184339061,-0.015246009,0.909523487,-0.092793986,-0.567761660,-1.242787361,0.908457756,-0.080840766,-0.026704755,0.409214050,0.039379708,-0.582817435,-1.229291677,0.895463824,-0.071266159,-0.061681464,0.435041487,-0.036209174,-0.682509720,-1.154762864,0.926853240,-0.053635459,-0.020009199,0.371033669
82,889878,17921,hiding,all_visible,1.282683015,1.324290991,-1.007881284,-0.372462094,-0.184308231,-0.015269970,0.909433484,-0.093032233,-0.568761170,-1.245885134,0.911472619,-0.084514678,-0.028834259,0.401551396,0.039113924,-0.582325459,-1.228717089,0.897031188,-0.071165301,-0.060219362,0.432023376,-0.036893956,-0.679600120,-1.148304105,0.987251282,-0.032943271,0.048256751,0.148057505
83,890086,18129,hiding,all_visible,1.283180475,1.323980093,-1.008690357,-0.372886121,-0.185221896,-0.014696533,0.909083486,-0.095839188,-0.568471849,-1.244667292,0.912190437,-0.084387623,-0.030334095,0.399833947,0.036304638,-0.583552599,-1.230227232,0.896865249,-0.069627352,-0.058357317,0.432873189,-0.039435558,-0.680615664,-1.151170850,0.923381805,-0.056322798,-0.038164288,0.377805918
84,890308,18351,hiding,all_visible,1.283664107,1.323603630,-1.010134459,-0.373829752,-0.184818879,-0.014520775,0.908780754,-0.095769696,-0.566581666,-1.243667841,0.906191707,-0.086536691,-0.033799972,0.412535578,0.036743604,-0.581738710,-1.230222225,0.894313633,-0.073000401,-0.058410473,0.437564075,-0.039442804,-0.681894541,-1.156167388,0.936602950,-0.066231161,-0.076690629,0.335420579
85,890516,18559,hiding,all_visible,1.284118652,1.323400259,-1.011590838,-0.374492049,-0.184603930,-0.014450946,0.908552885,-0.095930569,-0.566552162,-1.245279908,0.909697711,-0.083282501,-0.029559277,0.405759037,0.036802649,-0.581039906,-1.229209900,0.893389106,-0.073174417,-0.057251330,0.439572215,-0.039004754,-0.680053473,-1.153285742,0.932610273,-0.057989240,-0.034429237,0.354527801
86,890739,18782,hiding,all_visible,1.284299850,1.323298454,-1.012834907,-0.374608517,-0.183933035,-0.014204156,0.908644795,-0.093266472,-0.559664488,-1.228045464,0.900233209,-0.083170734,-0.042650063,0.425257355,0.039282106,-0.588579714,-1.243036270,0.902833700,-0.072270274,-0.055075966,0.420279652,-0.038277343,-0.677008927,-1.146683335,0.922052801,-0.058513742,-0.035021316,0.381009519
87,890961,19004,hiding,all_visible,1.284446120,1.323124647,-1.014050603,-0.375177175,-0.183342218,-0.014498670,0.908524930,-0.093173288,-0.566323400,-1.244719267,0.911139786,-0.084165350,-0.029028138,0.402365267,0.039348498,-0.580023050,-1.226882219,0.893586457,-0.073279239,-0.057861857,0.439073384,-0.036876075,-0.679406166,-1.152172685,0.935856819,-0.066236839,-0.074717000,0.337937951
88,891182,19225,hiding,all_visible,1.284692764,1.323047638,-1.014785767,-0.375532627,-0.182645351,-0.015201771,0.908506930,-0.090101607,-0.565177143,-1.244038582,0.912383616,-0.085221343,-0.028381964,0.399359405,0.041730069,-0.578811347,-1.225517392,0.893925488,-0.073098302,-0.057247810,0.438493550,-0.034665085,-0.673117280,-1.143454790,0.923293769,-0.060342580,-0.041201141,0.377080739
89,891418,19461,hiding,all_visible,1.284461737,1.322850108,-1.015485287,-0.375978768,-0.182107106,-0.015207767,0.908430398,-0.088241197,-0.557766438,-1.229252219,0.905411839,-0.082599573,-0.029269740,0.415391415,0.043980099,-0.583734274,-1.237917900,0.902296305,-0.074499376,-0.050257206,0.421646029,-0.033517368,-0.678874373,-1.153281331,0.928185821,-0.056976855,-0.024453109,0.366915226
90,891641,19684,hiding,all_visible,1.283978343,1.322655082,-1.016202927,-0.376671910,-0.181311354,-0.014836309,0.908308566,-0.087181173,-0.555592537,-1.227380514,0.902236640,-0.084628507,-0.042523388,0.420712292,0.044650264,-0.579194963,-1.230648756,0.896211147,-0.074136697,-0.055455443,0.433859497,-0.032765321,-0.673143387,-1.146303296,0.926136971,-0.062924899,-0.041251805,0.369606704
91,891863,19906,hiding,all_visible,1.283567190,1.322838783,-1.016481400,-0.376674592,-0.180948272,-0.014660164,0.908382654,-0.087005258,-0.561231315,-1.238721490,0.905036151,-0.088357873,-0.033813160,0.414679617,0.044892862,-0.578726947,-1.228077173,0.900422156,-0.075853363,-0.061102550,0.423972577,-0.032262858,-0.669759572,-1.140046954,0.919419229,-0.061165661,-0.035066832,0.386907548
92,892072,20115,hiding,all_visible,1.283666492,1.322709680,-1.016663671,-0.376833469,-0.180979267,-0.014383417,0.908315003,-0.087093115,-0.554371715,-1.224922419,0.901629210,-0.084583081,-0.044599567,0.421807259,0.044851199,-0.581184328,-1.234331131,0.898867309,-0.074457593,-0.056094054,0.428190589,-0.032767229,-0.674226165,-1.147855878,0.925837040,-0.062913813,-0.039372567,0.370563686
93,892294,20337,hiding,all_visible,1.284014702,1.322860718,-1.016320229,-0.376567096,-0.180451483,-0.014624010,0.908526599,-0.086208940,-0.558325052,-1.231869340,0.902036369,-0.089082822,-0.032307576,0.421130538,0.045211181,-0.580277026,-1.230242968,0.899569571,-0.072628491,-0.059721418,0.426536143,-0.031735327,-0.671396673,-1.141336322,0.917270780,-0.053812265,-0.011377461,0.394447953
94,892517,20560,hiding,all_visible,1.284001708,1.323191166,-1.015714407,-0.375967860,-0.180085614,-0.015049403,0.908840418,-0.084710985,-0.558419943,-1.229198098,0.902075827,-0.079661883,-0.031783897,0.422969222,0.047407329,-0.581932724,-1.231226444,0.896280885,-0.075716056,-0.055267211,0.433466494,-0.030250508,-0.673855841,-1.144450307,0.924212277,-0.060551811,-0.037836831,0.375144660
95,892738,20781,hiding,all_visible,1.283496022,1.323081732,-1.015361428,-0.376193613,-0.180097356,-0.014813009,0.908748507,-0.084571235,-0.554754496,-1.224930286,0.899757922,-0.084947251,-0.045075011,0.425661772,0.047675490,-0.583861887,-1.238475323,0.904049575,-0.076990299,-0.061762389,0.415875345,-0.030440344,-0.677579582,-1.153046250,0.929673016,-0.062934861,-0.034392290,0.361336946
96,892961,21004,hiding,all_visible,1.282864213,1.322981358,-1.015245914,-0.376491696,-0.179578707,-0.014292224,0.908736050,-0.084830135,-0.554764390,-1.226870060,0.901485562,-0.080284379,-0.033234499,0.423997283,0.047556199,-0.583452582,-1.239179373,0.901094258,-0.076473065,-0.057436351,0.422944516,-0.030856989,-0.677099228,-1.153562307,0.937533557,-0.061262462,-0.037310813,0.340419799
97,893183,21226,hiding,all_visible,1.283273578,1.322686195,-1.015814662,-0.377156168,-0.179218084,-0.014416559,0.908529758,-0.084284022,-0.559866607,-1.241663337,0.905821085,-0.087611839,-0.028642071,0.413511723,0.047422931,-0.577236831,-1.229101181,0.899624109,-0.076003574,-0.059273429,0.425895125,-0.030289706,-0.672092736,-1.147701859,0.923859298,-0.057948589,-0.025680905,0.377447397
98,893409,21452,hiding,all_visible,1.284106612,1.322605371,-1.016359091,-0.377144843,-0.179527029,-0.014911779,0.908465445,-0.084577397,-0.556564748,-1.232079864,0.903375626,-0.080257736,-0.028924776,0.420279175,0.047423877,-0.577203512,-1.227457047,0.897077024,-0.076669373,-0.058985915,0.431155711,-0.030219274,-0.671754003,-1.145999789,0.924631536,-0.059502877,-0.034411445,0.374608904
99,893642,21685,hiding,all_visible,1.284812808,1.322682619,-1.017082810,-0.376813918,-0.179009914,-0.015258778,0.908699036,-0.082879111,-0.557846844,-1.230968475,0.902895987,-0.088692591,-0.031337228,0.419440687,0.049496986,-0.581695437,-1.232731581,0.898802400,-0.080613747,-0.054837465,0.427374065,-0.028526865,-0.675137162,-1.147596002,0.923869610,-0.056026842,-0.019473940,0.378082901
100,893850,21893,hiding,all_visible,1.284824491,1.322726011,-1.017719746,-0.376727700,-0.178048953,-0.015252890,0.908923626,-0.081130788,-0.562850237,-1.240997791,0.906514704,-0.089660458,-0.030137284,0.411441267,0.050419636,-0.579149604,-1.225646138,0.894463897,-0.077333771,-0.054738298,0.436986923,-0.027219124,-0.675135016,-1.146799088,0.925406694,-0.061129574,-0.037611183,0.372116894
101,894072,22115,hiding,all_visible,1.284510255,1.322682977,-1.017927885,-0.376822174,-0.177478373,-0.014879101,0.909002244,-0.080557883,-0.559286118,-1.233613968,0.905093431,-0.089119919,-0.024642443,0.415037721,0.052059643,-0.582969189,-1.233784199,0.898643374,-0.079792768,-0.047241509,0.428767323,-0.026887283,-0.673947096,-1.145327330,0.923931658,-0.059386577,-0.027468653,0.376920521
102,894280,22323,hiding,all_visible,1.284517527,1.322362542,-1.017968535,-0.377739519,-0.177301750,-0.015119004,0.908651948,-0.080235392,-0.555145085,-1.231307507,0.903268397,-0.088153772,-0.024399173,0.419213384,0.052293189,-0.581117749,-1.236176610,0.899377882,-0.079447784,-0.046630614,0.427355886,-0.026560523,-0.668040693,-1.140548229,0.919842064,-0.057720229,-0.013204102,0.387794614
103,894503,22546,hiding,all_visible,1.284409761,1.322491407,-1.017367363,-0.377419770,-0.177348062,-0.014937190,0.908778787,-0.080433965,-0.556602716,-1.233259916,0.902932227,-0.090431094,-0.027754212,0.419243723,0.052175142,-0.581404448,-1.234985113,0.902299047,-0.080771051,-0.050039202,0.420509934,-0.027066967,-0.671690106,-1.145608306,0.927847326,-0.065464862,-0.047952004,0.364025146
104,894725,22768,hiding,all_visible,1.284080744,1.322516799,-1.017158628,-0.377612174,-0.176950738,-0.014627980,0.908781350,-0.080127276,-0.556361079,-1.233620286,0.904477477,-0.087914050,-0.028442960,0.416392416,0.052540489,-0.581211746,-1.236338258,0.899395764,-0.079494499,-0.046537124,0.427319705,-0.026457461,-0.668211460,-1.140490532,0.917046189,-0.057979900,-0.011684024,0.394370556
105,894947,22990,hiding,all_visible,1.283517838,1.322524786,-1.016507268,-0.377633393,-0.176916927,-0.014698243,0.908777952,-0.079977714,-0.555383503,-1.232537508,0.904277265,-0.088144682,-0.029195176,0.416726291,0.052650630,-0.580633521,-1.236453056,0.898860276,-0.079616420,-0.046170328,0.428462058,-0.026017008,-0.670721829,-1.146578550,0.923400462,-0.062392294,-0.014712992,0.378447294
106,895170,23213,hiding,all_visible,1.283038974,1.322561026,-1.015955806,-0.377513438,-0.176556855,-0.014164910,0.908906281,-0.079393566,-0.553603649,-1.228628874,0.902687073,-0.087083533,-0.034458485,0.419982255,0.052729152,-0.580611169,-1.236419439,0.899016738,-0.081035964,-0.048408959,0.427619785,-0.025929660,-0.670948267,-1.146974444,0.922627032,-0.063213058,-0.015717024,0.380153209
107,895392,23435,hiding,all_visible,1.282771826,1.322734594,-1.015498042,-0.377044350,-0.176614523,-0.013764903,0.909095943,-0.080271713,-0.557533264,-1.235956430,0.904905379,-0.087740079,-0.026619926,0.415619165,0.052301407,-0.581424356,-1.235630751,0.901301682,-0.081653506,-0.051807743,0.422260612,-0.026942054,-0.672042072,-1.146885991,0.924653590,-0.061159525,-0.032952543,0.374418825
108,895601,23644,hiding,all_visible,1.282472968,1.322806120,-1.015079141,-0.376808405,-0.176567256,-0.013760838,0.909202993,-0.080440938,-0.556744277,-1.233555794,0.900863051,-0.086290941,-0.021678660,0.424887896,0.052135557,-0.581650376,-1.235504031,0.901951671,-0.081963897,-0.052121866,0.420771241,-0.027063459,-0.673874319,-1.149622679,0.927677929,-0.063697591,-0.040828001,0.365635693
