window,radius_m,dead_m,dead_deg,smoothing_s,prior_s,timeout_s,endpoint_stable,reanchor_min_position_mm,reanchor_min_rotation_deg,total_score,stationary_score,movement_score,retained,delay_s,endpoint_mm,return_mm,position_jump_mm,position_drift_mm,rotation_jump_deg,rotation_drift_deg
5,0.2,0.02,0.3,1.2,2.0,0.3,3,40.0,3.0,0.21662543999866715,0.4100771660631433,0.023173713934190963,0.9972857028724207,2.24249999999995,4.785973324131002,10.404306669083788,6.81065016332687,20.841363087662778,5.1275522957992,20.627303254140514
5,0.2,0.02,0.3,1.2,2.0,0.4,3,40.0,3.0,0.21662543999866715,0.4100771660631433,0.023173713934190963,0.9972857028724207,2.24249999999995,4.785973324131002,10.404306669083788,6.81065016332687,20.841363087662778,5.1275522957992,20.627303254140514
5,0.2,0.02,0.3,1.2,2.0,0.5,3,40.0,3.0,0.21662543999866715,0.4100771660631433,0.023173713934190963,0.9972857028724207,2.24249999999995,4.785973324131002,10.404306669083788,6.81065016332687,20.841363087662778,5.1275522957992,20.627303254140514
5,0.2,0.02,0.3,1.2,2.0,0.3,3,40.0,4.0,0.21924503114329075,0.4153163483523905,0.023173713934190963,0.9972857028724207,2.24249999999995,4.785973324131002,10.404306669083788,6.81065016332687,20.841363087662778,5.1275522957992,21.148809869566236
5,0.2,0.02,0.3,1.2,2.0,0.3,3,40.0,5.0,0.21924503114329075,0.4153163483523905,0.023173713934190963,0.9972857028724207,2.24249999999995,4.785973324131002,10.404306669083788,6.81065016332687,20.841363087662778,5.1275522957992,21.148809869566236
5,0.2,0.02,0.3,1.2,2.0,0.3,3,40.0,0.0,0.2205290796506068,0.41788444536702263,0.023173713934190963,0.9972857028724207,2.24249999999995,4.785973324131002,10.404306669083788,6.81065016332687,20.841363087662778,5.312485337518663,21.332719310428924
5,0.2,0.02,0.3,1.2,2.0,0.3,3,40.0,6.0,0.2225862541858503,0.4219987944375096,0.023173713934190963,0.9972857028724207,2.24249999999995,4.785973324131002,10.404306669083788,6.81065016332687,20.841363087662778,5.1275522957992,21.813978525325304
5,0.2,0.02,0.3,1.2,2.0,0.3,3,40.0,7.0,0.2225862541858503,0.4219987944375096,0.023173713934190963,0.9972857028724207,2.24249999999995,4.785973324131002,10.404306669083788,6.81065016332687,20.841363087662778,5.1275522957992,21.813978525325304
5,0.2,0.02,0.3,1.2,2.0,0.3,3,40.0,8.0,0.2225862541858503,0.4219987944375096,0.023173713934190963,0.9972857028724207,2.24249999999995,4.785973324131002,10.404306669083788,6.81065016332687,20.841363087662778,5.1275522957992,21.813978525325304
5,0.25,0.02,0.3,1.2,2.0,0.3,3,40.0,3.0,0.22621790243419893,0.4292620855251388,0.023173719343259087,0.9972856983440463,2.24249999999995,4.785973372419959,10.404317184921943,7.2165886506100785,20.91586413429512,5.347604901180895,22.272372447455243
5,0.3,0.02,0.3,1.2,2.0,0.3,3,40.0,3.0,0.22967579160834972,0.4359775904920612,0.023373992724638276,0.9970088237364095,2.24249999999995,4.785973449539718,10.728022289593051,7.3457729281818835,21.753723287190283,5.251976722633409,22.289391583291142
5,0.2864789,0.02,0.3,1.2,2.0,0.3,3,40.0,3.0,0.22972609157158252,0.4360781905754428,0.02337399256772225,0.9970088242186068,2.24249999999995,4.785973359732463,10.728022289574543,7.336838513907457,21.770049865516743,5.252038009773367,22.28939155654424
5,0.2,0.02,0.3,1.2,2.0,0.3,3,25.0,3.0,0.2343420670821493,0.44551102504717116,0.023173109117127465,0.9972879704879999,2.24249999999995,4.785879678604321,10.404306669083788,7.481442649855302,25.12994123762398,5.1275522957992,20.627303254140514
5,0.2,0.02,0.3,1.2,2.0,0.3,3,25.0,5.0,0.2369616582267729,0.45075020733641835,0.023173109117127465,0.9972879704879999,2.24249999999995,4.785879678604321,10.404306669083788,7.481442649855302,25.12994123762398,5.1275522957992,21.148809869566236
5,0.2,0.02,0.3,1.2,2.0,0.3,3,25.0,4.0,0.2369616582267729,0.45075020733641835,0.023173109117127465,0.9972879704879999,2.24249999999995,4.785879678604321,10.404306669083788,7.481442649855302,25.12994123762398,5.1275522957992,21.148809869566236
5,0.2,0.02,0.3,0.8,2.0,0.3,3,40.0,3.0,0.2376408385937869,0.4548886589316609,0.0203930182559129,0.9972858249982451,1.86099999999999,4.785893618637038,10.404455949171322,8.708588008817312,25.613551800701295,7.0960776468189355,20.415854907687674
5,0.2,0.02,0.3,1.2,4.0,0.3,3,40.0,3.0,0.23773373482744514,0.45305157875972857,0.022415890895161723,0.9972820093699075,2.138500000000022,4.797958482667437,10.390575661029851,7.070634618864931,24.669394136258575,5.236533105336358,21.815764835371017
5,0.2,0.006,0.5,1.2,2.0,0.3,3,40.0,3.0,0.23819414285384558,0.4550901219865682,0.02129816372112297,0.9972499772624134,1.9854999999998881,4.610793171129635,10.55170139734792,7.302951139274585,26.46518603175026,5.127552217444107,20.598556229088558
5,0.2,0.02,0.3,1.2,2.0,0.3,3,25.0,0.0,0.23824570673408896,0.45331830435105047,0.023173109117127465,0.9972879704879999,2.24249999999995,4.785879678604321,10.404306669083788,7.481442649855302,25.12994123762398,5.312485337518663,21.332719310428924
5,0.2,0.003,1.0,1.2,2.0,0.3,3,40.0,3.0,0.23827040270706362,0.4553751569241706,0.021165648489956654,0.9968328287634358,2.06899999999996,2.550545578288548,10.523759903237904,7.074636873834914,26.55496677796321,5.259597920657253,20.57440203662864
5,0.2,0.005,1.5,1.2,2.0,0.3,3,40.0,3.0,0.2384586085495077,0.4558326407621661,0.021084576336849275,0.9971443725590432,1.9854999999998881,4.01159606761408,10.558126757376368,7.210203278077554,26.48110281245311,5.578674413956103,20.5129257482634
5,0.2,0.002,0.5,1.2,2.0,0.3,3,40.0,3.0,0.23851652547074326,0.4558210720122401,0.0212119789292464,0.9965345920321567,2.06899999999996,2.338742643634731,10.665837841372513,6.956659859319621,26.692586836317297,5.127552217444107,20.598556229088558
5,0.2,0.02,0.3,1.2,8.0,0.3,3,25.0,5.0,0.2386520082974839,0.4549621029224067,0.02234191367256111,0.9975574548118903,2.138500000000022,4.837015189542455,10.338882774755676,7.515386208290974,26.046099812153066,5.30590723303548,20.778135544145677
5,0.2,0.02,0.3,1.2,4.0,0.3,3,25.0,5.0,0.2387313654820146,0.45506110942705785,0.022401621536971318,0.9973397102670418,2.138500000000022,4.798343471917543,10.390575661029876,7.254787157157426,26.03878077077399,5.236533105336358,20.898550150266825
5,0.2,0.0,0.0,1.2,2.0,0.3,3,40.0,3.0,0.23906316981485157,0.45601210550732063,0.02211423412238251,0.9957905948328871,2.1604999999999563,1.991824595939485,11.134593155046405,6.9326283204221,26.692295886842107,5.120830410540538,20.62759501950804
5,0.2,0.001,0.25,1.2,2.0,0.3,3,40.0,3.0,0.23908468471222613,0.45606568018426497,0.022103689240187286,0.9958483443559101,2.1604999999999563,2.0149112842130594,11.1211209382173,6.9326283204221,26.69229315996712,5.127552295828429,20.63032315370458
5,0.25,0.02,0.3,1.2,8.0,0.3,3,25.0,5.0,0.24002514218391346,0.4577074805668145,0.022342803801012445,0.9975565549699634,2.138500000000022,4.836994316195974,10.340546612987124,7.838281060466233,26.05895801299085,5.348751637182047,20.928201370390763
5,0.25,0.02,0.3,1.2,8.0,0.3,3,25.0,6.0,0.24002514218391346,0.4577074805668145,0.022342803801012445,0.9975565549699634,2.138500000000022,4.836994316195974,10.340546612987124,7.838281060466233,26.05895801299085,5.348751637182047,20.928201370390763
5,0.25,0.02,0.3,1.2,8.0,0.4,3,25.0,5.0,0.24002514218391346,0.4577074805668145,0.022342803801012445,0.9975565549699634,2.138500000000022,4.836994316195974,10.340546612987124,7.838281060466233,26.05895801299085,5.348751637182047,20.928201370390763
5,0.25,0.02,0.3,1.2,8.0,0.5,3,25.0,5.0,0.24002514218391346,0.4577074805668145,0.022342803801012445,0.9975565549699634,2.138500000000022,4.836994316195974,10.340546612987124,7.838281060466233,26.05895801299085,5.348751637182047,20.928201370390763
5,0.2,0.02,0.3,1.2,16.0,0.3,3,25.0,5.0,0.24023714541452554,0.4589675114988787,0.02150677933017238,0.9978822656865058,2.03449999999998,4.914931429211148,10.271113219150562,7.694389564990328,26.05092520633419,5.35267459332058,21.101390207225087
5,0.2,0.02,0.3,1.2,2.0,0.3,3,25.0,6.0,0.24030288126933244,0.45743265342153744,0.023173109117127465,0.9972879704879999,2.24249999999995,4.785879678604321,10.404306669083788,7.481442649855302,25.12994123762398,5.1275522957992,21.813978525325304
5,0.2,0.02,0.3,1.2,2.0,0.3,3,25.0,7.0,0.24030288126933244,0.45743265342153744,0.023173109117127465,0.9972879704879999,2.24249999999995,4.785879678604321,10.404306669083788,7.481442649855302,25.12994123762398,5.1275522957992,21.813978525325304
5,0.2,0.02,0.3,1.2,2.0,0.3,3,25.0,8.0,0.24030288126933244,0.45743265342153744,0.023173109117127465,0.9972879704879999,2.24249999999995,4.785879678604321,10.404306669083788,7.481442649855302,25.12994123762398,5.1275522957992,21.813978525325304
5,0.25,0.02,0.3,1.2,8.0,0.3,3,25.0,0.0,0.240471414457057,0.45860002511310155,0.022342803801012445,0.9975565549699634,2.138500000000022,4.836994316195974,10.340546612987124,7.838281060466233,26.05895801299085,5.381445229722293,21.004366209964292
5,0.4,0.02,0.3,1.2,2.0,0.3,3,40.0,3.0,0.2404823369827441,0.4567170759074993,0.024247598057988862,0.9990175516835711,2.24249999999995,8.184168129638902,10.728022290242073,7.551095405191582,25.413858057227376,5.230560384389847,21.46174611251047
5,0.2,0.02,0.3,1.2,30.0,0.3,3,25.0,5.0,0.24077497280921978,0.4600974209817005,0.021452524636739093,0.9981437318222499,2.03449999999998,4.9897643040964725,10.223726590306978,7.76100599269533,25.988870337261126,5.379011994965334,21.231845331157075
5,0.15,0.02,0.3,1.2,2.0,0.3,3,40.0,3.0,0.2410284327591372,0.45554581991540655,0.026511045602867878,0.9941042235930523,2.64549999999997,3.8092324669973987,10.404306838423466,7.367715936509821,25.452386028988975,5.690938838694328,21.191611153616844
5,0.2864789,0.02,0.3,1.2,8.0,0.3,3,25.0,5.0,0.2411957899581622,0.459848311405437,0.022543268510887407,0.9972843559652617,2.138500000000022,4.836994316195974,10.667611560974942,8.067913625715962,26.19033142331814,5.348745579199522,20.970691212220938
5,0.3,0.02,0.3,1.2,8.0,0.3,3,25.0,5.0,0.24169765909021457,0.4608520528258453,0.022543265354583855,0.9972843616909339,2.138500000000022,4.836994316195973,10.667607300507797,8.429663782056396,26.190392717731182,5.348976862874855,20.962219746475157
5,0.25,0.02,0.3,1.2,8.0,0.3,3,25.0,3.0,0.24510270709006213,0.4678626103791118,0.022342803801012445,0.9975565549699634,2.138500000000022,4.836994316195974,10.340546612987124,7.838281060466233,26.05895801299085,5.306200890287874,21.955541348767916
5,0.25,0.02,0.3,1.2,8.0,0.3,3,25.0,4.0,0.24510270709006213,0.4678626103791118,0.022342803801012445,0.9975565549699634,2.138500000000022,4.836994316195974,10.340546612987124,7.838281060466233,26.05895801299085,5.306200890287874,21.955541348767916
5,0.25,0.02,0.3,1.2,8.0,0.3,3,25.0,7.0,0.2451973881465577,0.46805197249210295,0.022342803801012445,0.9975565549699634,2.138500000000022,4.836994316195974,10.340546612987124,7.838281060466233,26.05895801299085,5.348128092515757,21.95813077236974
5,0.25,0.02,0.3,1.2,8.0,0.3,3,25.0,8.0,0.2451973881465577,0.46805197249210295,0.022342803801012445,0.9975565549699634,2.138500000000022,4.836994316195974,10.340546612987124,7.838281060466233,26.05895801299085,5.348128092515757,21.95813077236974
5,0.1,0.02,0.3,1.2,2.0,0.3,3,40.0,3.0,0.24578653212180485,0.46571050043228246,0.025862563811327247,0.994683535974394,2.64549999999997,3.8092323144932303,9.160282361300764,7.220986881907472,25.662753826072787,5.8682207124736685,22.015387246702304
5,0.15,0.02,0.3,1.2,8.0,0.3,3,25.0,5.0,0.24613137649510744,0.4680390125864667,0.024223740403748188,0.9943522237532046,2.340000000000032,3.878162662075113,10.338923922308748,7.449124102665613,26.176439839700187,5.385921368074778,21.96750899896302
5,0.1,0.02,0.3,1.2,8.0,0.3,3,25.0,5.0,0.24619490126981305,0.4687777587541983,0.02361204378542779,0.9949215150402937,2.340000000000032,3.888306083435935,9.169427223474042,7.291040233739368,26.578025689811604,5.805692645569602,21.61407460951458
5,0.5,0.02,0.3,1.2,2.0,0.3,3,40.0,3.0,0.24692570507227649,0.47047740920515035,0.023374000939402638,0.9970088199990115,2.24249999999995,4.785995643333866,10.728018078423569,7.665308273081787,27.020410397525563,5.423862277360485,21.476214026943715
5,0.4,0.02,0.3,1.2,8.0,0.3,3,25.0,5.0,0.24854709984456544,0.4736982481121055,0.023395951577025408,0.9991961805576706,2.138500000000022,8.123667596053558,10.667617140290714,8.518094801831543,26.584541343724066,5.152807718420423,21.984826601192946
5,0.2,0.005,1.5,0.8,2.0,0.3,3,40.0,3.0,0.24864899085043363,0.47836062422104636,0.018937357479820886,0.9971406514703567,1.6949999999999363,3.9689773012248146,10.52481659153333,8.89705158825647,28.882064331172298,7.0981503233230665,20.205561860641474
5,0.2,0.003,1.0,0.8,2.0,0.3,3,40.0,3.0,0.24915644834126863,0.47993866724754575,0.018374229434991514,0.9967987984806517,1.6949999999999363,2.4287665679923163,10.46300683289443,8.87046121117078,28.987058533435373,7.089613770035594,20.294003468180367
5,0.2,0.02,0.3,1.2,2.0,0.3,3,0.0,3.0,0.24930868845204607,0.4754442677869647,0.023173109117127465,0.9972879704879999,2.24249999999995,4.785879678604321,10.404306669083788,7.5048913866088585,28.96234212654446,5.1275522957992,20.627303254140514
5,0.2,0.02,0.3,1.2,2.0,0.3,3,10.0,3.0,0.24930868845204607,0.4754442677869647,0.023173109117127465,0.9972879704879999,2.24249999999995,4.785879678604321,10.404306669083788,7.5048913866088585,28.96234212654446,5.1275522957992,20.627303254140514
5,0.2,0.02,0.3,1.2,2.0,0.3,3,15.0,3.0,0.24930868845204607,0.4754442677869647,0.023173109117127465,0.9972879704879999,2.24249999999995,4.785879678604321,10.404306669083788,7.5048913866088585,28.96234212654446,5.1275522957992,20.627303254140514
5,0.2,0.02,0.3,1.2,2.0,0.3,3,20.0,3.0,0.24930868845204607,0.4754442677869647,0.023173109117127465,0.9972879704879999,2.24249999999995,4.785879678604321,10.404306669083788,7.5048913866088585,28.96234212654446,5.1275522957992,20.627303254140514
5,0.2,0.02,0.3,0.8,8.0,0.3,3,25.0,5.0,0.24940173772604146,0.4785643181002064,0.020239157351876525,0.9975321247995397,1.8479999999999563,4.8501582914580315,10.346289695016456,9.948677598310347,26.649440192113065,7.305467314915333,21.530963703544217
5,0.2,0.006,0.5,0.8,2.0,0.3,3,40.0,3.0,0.24990201163841758,0.4806330491826348,0.019170974094200405,0.997255214692311,1.6949999999999363,4.619718466850217,10.521851252982147,9.019256114943722,28.88320655940814,7.0960774540768154,20.395132694161855
5,0.5,0.02,0.3,1.2,8.0,0.3,3,25.0,5.0,0.25018083791451656,0.4778154152673698,0.022546260561663308,0.9972844134515294,2.138500000000022,4.844892429179141,10.667139311178582,8.63630508665641,27.0653072491428,5.164459213222257,21.98186064486706
5,0.25,0.02,0.3,1.2,8.0,0.3,3,20.0,6.0,0.2501855288638624,0.478028253926714,0.02234280380101087,0.9975565549699683,2.138500000000022,4.836994316195974,10.340546612986246,7.841856668256453,28.665420889974737,5.348751637182047,20.928201370390763
5,0.25,0.02,0.3,1.2,8.0,0.3,3,0.0,5.0,0.2501855288638624,0.478028253926714,0.02234280380101087,0.9975565549699683,2.138500000000022,4.836994316195974,10.340546612986246,7.841856668256453,28.665420889974737,5.348751637182047,20.928201370390763
5,0.25,0.02,0.3,1.2,8.0,0.3,3,0.0,6.0,0.2501855288638624,0.478028253926714,0.02234280380101087,0.9975565549699683,2.138500000000022,4.836994316195974,10.340546612986246,7.841856668256453,28.665420889974737,5.348751637182047,20.928201370390763
5,0.25,0.02,0.3,1.2,8.0,0.3,3,10.0,5.0,0.2501855288638624,0.478028253926714,0.02234280380101087,0.9975565549699683,2.138500000000022,4.836994316195974,10.340546612986246,7.841856668256453,28.665420889974737,5.348751637182047,20.928201370390763
5,0.25,0.02,0.3,1.2,8.0,0.3,3,10.0,6.0,0.2501855288638624,0.478028253926714,0.02234280380101087,0.9975565549699683,2.138500000000022,4.836994316195974,10.340546612986246,7.841856668256453,28.665420889974737,5.348751637182047,20.928201370390763
5,0.25,0.02,0.3,1.2,8.0,0.3,3,15.0,5.0,0.2501855288638624,0.478028253926714,0.02234280380101087,0.9975565549699683,2.138500000000022,4.836994316195974,10.340546612986246,7.841856668256453,28.665420889974737,5.348751637182047,20.928201370390763
5,0.25,0.02,0.3,1.2,8.0,0.3,3,15.0,6.0,0.2501855288638624,0.478028253926714,0.02234280380101087,0.9975565549699683,2.138500000000022,4.836994316195974,10.340546612986246,7.841856668256453,28.665420889974737,5.348751637182047,20.928201370390763
5,0.25,0.02,0.3,1.2,8.0,0.3,3,20.0,5.0,0.2501855288638624,0.478028253926714,0.02234280380101087,0.9975565549699683,2.138500000000022,4.836994316195974,10.340546612986246,7.841856668256453,28.665420889974737,5.348751637182047,20.928201370390763
5,0.25,0.02,0.3,1.2,8.0,0.3,3,0.0,0.0,0.25063180113700595,0.47892079847300106,0.02234280380101087,0.9975565549699683,2.138500000000022,4.836994316195974,10.340546612986246,7.841856668256453,28.665420889974737,5.381445229722293,21.004366209964292
5,0.25,0.02,0.3,1.2,8.0,0.3,3,10.0,0.0,0.25063180113700595,0.47892079847300106,0.02234280380101087,0.9975565549699683,2.138500000000022,4.836994316195974,10.340546612986246,7.841856668256453,28.665420889974737,5.381445229722293,21.004366209964292
5,0.25,0.02,0.3,1.2,8.0,0.3,3,15.0,0.0,0.25063180113700595,0.47892079847300106,0.02234280380101087,0.9975565549699683,2.138500000000022,4.836994316195974,10.340546612986246,7.841856668256453,28.665420889974737,5.381445229722293,21.004366209964292
5,0.25,0.02,0.3,1.2,8.0,0.3,3,20.0,0.0,0.25063180113700595,0.47892079847300106,0.02234280380101087,0.9975565549699683,2.138500000000022,4.836994316195974,10.340546612986246,7.841856668256453,28.665420889974737,5.381445229722293,21.004366209964292
5,0.2,0.002,0.5,0.8,2.0,0.3,3,40.0,3.0,0.2509023899532651,0.4834945581377146,0.018310221768815547,0.9963464882888823,1.6949999999999363,1.7614590768364382,10.692913845178076,8.885838139028737,29.309735804559775,7.0960774540768154,20.395132694161855
5,0.2,0.0,0.0,0.8,2.0,0.3,3,40.0,3.0,0.2511187975095279,0.48302290004723913,0.019214694971816715,0.9955604904336632,1.7774999999999181,1.523524533820283,11.19425969649285,8.724537494793408,29.30940678050003,7.055134444585364,20.41270256994749
5,0.2,0.001,0.25,0.8,2.0,0.3,3,40.0,3.0,0.25117791078851137,0.4831874952310521,0.019168326345970706,0.9956868760948793,1.7774999999999181,1.5227473393843725,11.15854953089001,8.724537494793408,29.309406779977692,7.096077507535172,20.413194982167404
5,0.2,0.02,0.3,1.2,2.0,0.3,3,0.0,4.0,0.2519282795966697,0.48068345007621194,0.023173109117127465,0.9972879704879999,2.24249999999995,4.785879678604321,10.404306669083788,7.5048913866088585,28.96234212654446,5.1275522957992,21.148809869566236
5,0.2,0.02,0.3,1.2,2.0,0.3,3,0.0,5.0,0.2519282795966697,0.48068345007621194,0.023173109117127465,0.9972879704879999,2.24249999999995,4.785879678604321,10.404306669083788,7.5048913866088585,28.96234212654446,5.1275522957992,21.148809869566236
5,0.2,0.02,0.3,1.2,2.0,0.3,3,10.0,4.0,0.2519282795966697,0.48068345007621194,0.023173109117127465,0.9972879704879999,2.24249999999995,4.785879678604321,10.404306669083788,7.5048913866088585,28.96234212654446,5.1275522957992,21.148809869566236
5,0.2,0.02,0.3,1.2,2.0,0.3,3,10.0,5.0,0.2519282795966697,0.48068345007621194,0.023173109117127465,0.9972879704879999,2.24249999999995,4.785879678604321,10.404306669083788,7.5048913866088585,28.96234212654446,5.1275522957992,21.148809869566236
5,0.2,0.02,0.3,1.2,2.0,0.3,3,15.0,4.0,0.2519282795966697,0.48068345007621194,0.023173109117127465,0.9972879704879999,2.24249999999995,4.785879678604321,10.404306669083788,7.5048913866088585,28.96234212654446,5.1275522957992,21.148809869566236
5,0.2,0.02,0.3,1.2,2.0,0.3,3,15.0,5.0,0.2519282795966697,0.48068345007621194,0.023173109117127465,0.9972879704879999,2.24249999999995,4.785879678604321,10.404306669083788,7.5048913866088585,28.96234212654446,5.1275522957992,21.148809869566236
5,0.2,0.02,0.3,1.2,2.0,0.3,3,20.0,4.0,0.2519282795966697,0.48068345007621194,0.023173109117127465,0.9972879704879999,2.24249999999995,4.785879678604321,10.404306669083788,7.5048913866088585,28.96234212654446,5.1275522957992,21.148809869566236
5,0.2,0.02,0.3,1.2,2.0,0.3,3,20.0,5.0,0.2519282795966697,0.48068345007621194,0.023173109117127465,0.9972879704879999,2.24249999999995,4.785879678604321,10.404306669083788,7.5048913866088585,28.96234212654446,5.1275522957992,21.148809869566236
5,0.2,0.02,0.3,1.2,8.0,0.3,3,40.0,3.0,0.25272129486733225,0.483039829274658,0.022402760460006468,0.9973322883747096,2.138500000000022,4.848266479576309,10.338882774752758,7.434358880768953,29.92358398705154,5.284795021359463,20.597919779584345
5,0.2,0.02,0.3,1.2,2.0,0.3,3,0.0,0.0,0.25321232810398575,0.483251547090844,0.023173109117127465,0.9972879704879999,2.24249999999995,4.785879678604321,10.404306669083788,7.5048913866088585,28.96234212654446,5.312485337518663,21.332719310428924
5,0.2,0.02,0.3,1.2,2.0,0.3,3,10.0,0.0,0.25321232810398575,0.483251547090844,0.023173109117127465,0.9972879704879999,2.24249999999995,4.785879678604321,10.404306669083788,7.5048913866088585,28.96234212654446,5.312485337518663,21.332719310428924
5,0.2,0.02,0.3,1.2,2.0,0.3,3,15.0,0.0,0.25321232810398575,0.483251547090844,0.023173109117127465,0.9972879704879999,2.24249999999995,4.785879678604321,10.404306669083788,7.5048913866088585,28.96234212654446,5.312485337518663,21.332719310428924
5,0.2,0.02,0.3,1.2,2.0,0.3,3,20.0,0.0,0.25321232810398575,0.483251547090844,0.023173109117127465,0.9972879704879999,2.24249999999995,4.785879678604321,10.404306669083788,7.5048913866088585,28.96234212654446,5.312485337518663,21.332719310428924
5,0.25,0.02,0.3,1.2,8.0,0.3,3,40.0,5.0,0.2541463949260085,0.4858890082341542,0.022403781617862793,0.9973317769707506,2.138500000000022,4.848808894961714,10.340546827327826,7.540860347416707,29.790342380527036,5.348751637182047,20.928201370390763
5,0.25,0.02,0.3,1.2,8.0,0.3,3,40.0,6.0,0.2541463949260085,0.4858890082341542,0.022403781617862793,0.9973317769707506,2.138500000000022,4.848808894961714,10.340546827327826,7.540860347416707,29.790342380527036,5.348751637182047,20.928201370390763
5,0.25,0.02,0.3,1.2,8.0,0.3,3,40.0,0.0,0.254592667199152,0.4867815527804413,0.022403781617862793,0.9973317769707506,2.138500000000022,4.848808894961714,10.340546827327826,7.540860347416707,29.790342380527036,5.381445229722293,21.004366209964292
5,0.25,0.02,0.3,1.2,8.0,0.3,3,0.0,3.0,0.2552630937700111,0.4881833837390113,0.02234280380101087,0.9975565549699683,2.138500000000022,4.836994316195974,10.340546612986246,7.841856668256453,28.665420889974737,5.306200890287874,21.955541348767916
5,0.25,0.02,0.3,1.2,8.0,0.3,3,0.0,4.0,0.2552630937700111,0.4881833837390113,0.02234280380101087,0.9975565549699683,2.138500000000022,4.836994316195974,10.340546612986246,7.841856668256453,28.665420889974737,5.306200890287874,21.955541348767916
5,0.25,0.02,0.3,1.2,8.0,0.3,3,10.0,3.0,0.2552630937700111,0.4881833837390113,0.02234280380101087,0.9975565549699683,2.138500000000022,4.836994316195974,10.340546612986246,7.841856668256453,28.665420889974737,5.306200890287874,21.955541348767916
5,0.25,0.02,0.3,1.2,8.0,0.3,3,10.0,4.0,0.2552630937700111,0.4881833837390113,0.02234280380101087,0.9975565549699683,2.138500000000022,4.836994316195974,10.340546612986246,7.841856668256453,28.665420889974737,5.306200890287874,21.955541348767916
5,0.25,0.02,0.3,1.2,8.0,0.3,3,15.0,3.0,0.2552630937700111,0.4881833837390113,0.02234280380101087,0.9975565549699683,2.138500000000022,4.836994316195974,10.340546612986246,7.841856668256453,28.665420889974737,5.306200890287874,21.955541348767916
5,0.25,0.02,0.3,1.2,8.0,0.3,3,15.0,4.0,0.2552630937700111,0.4881833837390113,0.02234280380101087,0.9975565549699683,2.138500000000022,4.836994316195974,10.340546612986246,7.841856668256453,28.665420889974737,5.306200890287874,21.955541348767916
5,0.25,0.02,0.3,1.2,8.0,0.3,3,20.0,3.0,0.2552630937700111,0.4881833837390113,0.02234280380101087,0.9975565549699683,2.138500000000022,4.836994316195974,10.340546612986246,7.841856668256453,28.665420889974737,5.306200890287874,21.955541348767916
5,0.25,0.02,0.3,1.2,8.0,0.3,3,20.0,4.0,0.2552630937700111,0.4881833837390113,0.02234280380101087,0.9975565549699683,2.138500000000022,4.836994316195974,10.340546612986246,7.841856668256453,28.665420889974737,5.306200890287874,21.955541348767916
5,0.2,0.02,0.3,1.2,2.0,0.3,3,0.0,6.0,0.2552695026392292,0.48736589616133097,0.023173109117127465,0.9972879704879999,2.24249999999995,4.785879678604321,10.404306669083788,7.5048913866088585,28.96234212654446,5.1275522957992,21.813978525325304
5,0.2,0.02,0.3,1.2,2.0,0.3,3,0.0,7.0,0.2552695026392292,0.48736589616133097,0.023173109117127465,0.9972879704879999,2.24249999999995,4.785879678604321,10.404306669083788,7.5048913866088585,28.96234212654446,5.1275522957992,21.813978525325304
5,0.2,0.02,0.3,1.2,2.0,0.3,3,0.0,8.0,0.2552695026392292,0.48736589616133097,0.023173109117127465,0.9972879704879999,2.24249999999995,4.785879678604321,10.404306669083788,7.5048913866088585,28.96234212654446,5.1275522957992,21.813978525325304
5,0.2,0.02,0.3,1.2,2.0,0.3,3,10.0,6.0,0.2552695026392292,0.48736589616133097,0.023173109117127465,0.9972879704879999,2.24249999999995,4.785879678604321,10.404306669083788,7.5048913866088585,28.96234212654446,5.1275522957992,21.813978525325304
5,0.2,0.02,0.3,1.2,2.0,0.3,3,10.0,7.0,0.2552695026392292,0.48736589616133097,0.023173109117127465,0.9972879704879999,2.24249999999995,4.785879678604321,10.404306669083788,7.5048913866088585,28.96234212654446,5.1275522957992,21.813978525325304
5,0.2,0.02,0.3,1.2,2.0,0.3,3,10.0,8.0,0.2552695026392292,0.48736589616133097,0.023173109117127465,0.9972879704879999,2.24249999999995,4.785879678604321,10.404306669083788,7.5048913866088585,28.96234212654446,5.1275522957992,21.813978525325304
5,0.2,0.02,0.3,1.2,2.0,0.3,3,15.0,6.0,0.2552695026392292,0.48736589616133097,0.023173109117127465,0.9972879704879999,2.24249999999995,4.785879678604321,10.404306669083788,7.5048913866088585,28.96234212654446,5.1275522957992,21.813978525325304
5,0.2,0.02,0.3,1.2,2.0,0.3,3,15.0,7.0,0.2552695026392292,0.48736589616133097,0.023173109117127465,0.9972879704879999,2.24249999999995,4.785879678604321,10.404306669083788,7.5048913866088585,28.96234212654446,5.1275522957992,21.813978525325304
5,0.2,0.02,0.3,1.2,2.0,0.3,3,15.0,8.0,0.2552695026392292,0.48736589616133097,0.023173109117127465,0.9972879704879999,2.24249999999995,4.785879678604321,10.404306669083788,7.5048913866088585,28.96234212654446,5.1275522957992,21.813978525325304
5,0.2,0.02,0.3,1.2,2.0,0.3,3,20.0,6.0,0.2552695026392292,0.48736589616133097,0.023173109117127465,0.9972879704879999,2.24249999999995,4.785879678604321,10.404306669083788,7.5048913866088585,28.96234212654446,5.1275522957992,21.813978525325304
5,0.2,0.02,0.3,1.2,2.0,0.3,3,20.0,7.0,0.2552695026392292,0.48736589616133097,0.023173109117127465,0.9972879704879999,2.24249999999995,4.785879678604321,10.404306669083788,7.5048913866088585,28.96234212654446,5.1275522957992,21.813978525325304
5,0.2,0.02,0.3,1.2,2.0,0.3,3,20.0,8.0,0.2552695026392292,0.48736589616133097,0.023173109117127465,0.9972879704879999,2.24249999999995,4.785879678604321,10.404306669083788,7.5048913866088585,28.96234212654446,5.1275522957992,21.813978525325304
5,0.25,0.02,0.3,1.2,8.0,0.3,3,0.0,7.0,0.2553577748265066,0.4883727458520024,0.02234280380101087,0.9975565549699683,2.138500000000022,4.836994316195974,10.340546612986246,7.841856668256453,28.665420889974737,5.348128092515757,21.95813077236974
5,0.25,0.02,0.3,1.2,8.0,0.3,3,0.0,8.0,0.2553577748265066,0.4883727458520024,0.02234280380101087,0.9975565549699683,2.138500000000022,4.836994316195974,10.340546612986246,7.841856668256453,28.665420889974737,5.348128092515757,21.95813077236974
5,0.25,0.02,0.3,1.2,8.0,0.3,3,10.0,7.0,0.2553577748265066,0.4883727458520024,0.02234280380101087,0.9975565549699683,2.138500000000022,4.836994316195974,10.340546612986246,7.841856668256453,28.665420889974737,5.348128092515757,21.95813077236974
5,0.25,0.02,0.3,1.2,8.0,0.3,3,10.0,8.0,0.2553577748265066,0.4883727458520024,0.02234280380101087,0.9975565549699683,2.138500000000022,4.836994316195974,10.340546612986246,7.841856668256453,28.665420889974737,5.348128092515757,21.95813077236974
5,0.25,0.02,0.3,1.2,8.0,0.3,3,15.0,7.0,0.2553577748265066,0.4883727458520024,0.02234280380101087,0.9975565549699683,2.138500000000022,4.836994316195974,10.340546612986246,7.841856668256453,28.665420889974737,5.348128092515757,21.95813077236974
5,0.25,0.02,0.3,1.2,8.0,0.3,3,15.0,8.0,0.2553577748265066,0.4883727458520024,0.02234280380101087,0.9975565549699683,2.138500000000022,4.836994316195974,10.340546612986246,7.841856668256453,28.665420889974737,5.348128092515757,21.95813077236974
5,0.25,0.02,0.3,1.2,8.0,0.3,3,20.0,7.0,0.2553577748265066,0.4883727458520024,0.02234280380101087,0.9975565549699683,2.138500000000022,4.836994316195974,10.340546612986246,7.841856668256453,28.665420889974737,5.348128092515757,21.95813077236974
5,0.25,0.02,0.3,1.2,8.0,0.3,3,20.0,8.0,0.2553577748265066,0.4883727458520024,0.02234280380101087,0.9975565549699683,2.138500000000022,4.836994316195974,10.340546612986246,7.841856668256453,28.665420889974737,5.348128092515757,21.95813077236974
5,0.25,0.02,0.3,1.2,8.0,0.3,7,20.0,6.0,0.25635032666844715,0.4534420349700887,0.05925861836680552,0.9971979488116447,7.15199999999993,5.5493432390252,10.328572252717008,6.830638620508606,27.328428586827847,4.759609772135466,20.048968560111017
5,0.25,0.02,0.3,1.2,16.0,0.3,7,20.0,6.0,0.25666684058917855,0.4789349901792937,0.034398690999063425,0.9968306147085129,3.7369999999999663,5.469394580937004,10.259420242827797,7.1237819299604785,29.716343772756904,4.8036866407770535,20.629577860724247
5,0.2,0.02,0.3,0.5,8.0,0.3,3,25.0,5.0,0.25804774971913835,0.49841861793090503,0.017676881507371723,0.9974948136746582,1.49249999999995,4.891944506689075,10.35286556281689,13.302430468455233,27.241879463076497,10.357979983697854,21.150600678595424
5,0.2,0.02,0.3,0.5,2.0,0.3,3,40.0,3.0,0.2583653860450107,0.4990237819473333,0.017706990142688006,0.997285992848201,1.49249999999995,4.785677705969424,10.404553832430414,11.948890321591447,27.58394675060311,9.97809487251458,21.508126233828765
5,0.75,0.02,0.3,1.2,8.0,0.3,3,25.0,5.0,0.2591509867128406,0.49549038282930463,0.022811590596376517,0.9976303210494226,2.138500000000022,5.713863525254187,10.667131342544213,9.50850082145725,30.104518753218066,5.072836761425733,21.158459549816754
5,0.25,0.02,0.3,1.2,8.0,0.3,3,40.0,3.0,0.2592239598321571,0.4960441380464515,0.022403781617862793,0.9973317769707506,2.138500000000022,4.848808894961714,10.340546827327826,7.540860347416707,29.790342380527036,5.306200890287874,21.955541348767916
5,0.25,0.02,0.3,1.2,8.0,0.3,3,40.0,4.0,0.2592239598321571,0.4960441380464515,0.022403781617862793,0.9973317769707506,2.138500000000022,4.848808894961714,10.340546827327826,7.540860347416707,29.790342380527036,5.306200890287874,21.955541348767916
5,0.25,0.02,0.3,1.2,8.0,0.3,3,40.0,7.0,0.25931864088865275,0.4962335001594427,0.022403781617862793,0.9973317769707506,2.138500000000022,4.848808894961714,10.340546827327826,7.540860347416707,29.790342380527036,5.348128092515757,21.95813077236974
5,0.25,0.02,0.3,1.2,8.0,0.3,3,40.0,8.0,0.25931864088865275,0.4962335001594427,0.022403781617862793,0.9973317769707506,2.138500000000022,4.848808894961714,10.340546827327826,7.540860347416707,29.790342380527036,5.348128092515757,21.95813077236974
5,0.25,0.006,0.5,1.2,8.0,0.3,7,20.0,6.0,0.25941093062098214,0.4598024477382908,0.05901941350367345,0.9973041273810275,7.15199999999993,4.706252361536931,10.646392384862908,6.902036086459843,28.044852406491337,4.759609772217951,20.10503728304811
5,0.2,0.02,0.3,1.2,16.0,0.3,3,40.0,3.0,0.259509441115989,0.4974007383549607,0.021618143877017333,0.9974931055192087,2.03449999999998,4.949695457222602,10.271113218540139,7.428795493585983,31.240258096526887,5.352695057704951,20.981479598363094
7,0.25,0.02,0.3,1.2,8.0,0.3,3,25.0,5.0,0.2595293962129499,0.49328072549812796,0.02577806692777182,1.005470269622697,2.3329999999998563,7.952506497557913,10.339401023883026,7.190269386999389,30.997362779228887,5.1244663981486,20.877931595865775
7,0.2,0.02,0.3,1.2,8.0,0.3,3,25.0,5.0,0.2602973186563629,0.49546488589318427,0.025129751419541522,1.0055050633848561,2.24249999999995,7.958993394234769,10.339401023927472,7.118341149559586,31.385653937581502,5.1244663981486,20.815179712734533
5,0.2,0.005,1.5,1.2,8.0,0.3,3,25.0,5.0,0.2604422755084436,0.49995250318820006,0.020932047828687177,0.9970930241504112,1.9650000000000318,3.850171467691523,10.68016882664323,7.595125549001139,31.714372960243924,5.702665690296974,20.682251649569302
5,0.25,0.0,0.0,1.2,8.0,0.3,7,20.0,6.0,0.2605770865177594,0.46264325913680393,0.05851091389871488,0.995308163591869,7.15199999999993,1.1887072306531459,11.675435851693697,6.903692989085993,28.466557120384063,4.75960977213898,20.06022769934202
5,0.25,0.001,0.25,1.2,8.0,0.3,7,20.0,6.0,0.2606745670768654,0.46285326013961137,0.058495874014119445,0.9953978928470568,7.15199999999993,1.2330209402877306,11.649381442186863,6.903497447858563,28.505430471237595,4.759609772135605,20.051038267003662
5,0.2,0.006,0.5,1.2,8.0,0.3,3,25.0,5.0,0.2611203657575937,0.5011808457701683,0.021059885745019095,0.9972145745121116,1.9650000000000318,4.255970599861804,10.665186696162761,7.599918342551641,31.96756437735578,5.305789457737295,20.760614226134898
5,0.25,0.002,0.5,1.2,8.0,0.3,7,20.0,6.0,0.2611924277325554,0.46401517194661357,0.058369683518497285,0.9962088374490535,7.15199999999993,1.4491725038316814,11.62229764618912,6.942741918853292,28.569783519540508,4.759609772217951,20.10503728304811
5,0.2,0.02,0.3,1.2,2.0,0.3,3,30.0,3.0,0.26195979323879254,0.5007464773604576,0.023173109117127465,0.9972879704879999,2.24249999999995,4.785879678604321,10.404306669083788,7.369488823289207,32.261707884796074,5.1275522957992,20.627303254140514
5,0.25,0.02,0.3,1.2,4.0,0.3,7,20.0,6.0,0.26204284711497794,0.43351285064975864,0.09057284358019725,0.9974893492552055,11.450500000000034,5.630169217775906,10.38603405123042,6.569220715934789,26.358548488857064,4.6939539443499765,18.921178472263414
5,0.25,0.005,1.5,1.2,8.0,0.3,7,20.0,6.0,0.2623004639057933,0.46589940924684686,0.05870151856473979,0.997157900192029,7.15199999999993,3.810481433490609,10.666667524536548,6.902553485701154,28.019199610038473,4.899275795978043,20.67750593517782
5,0.25,0.003,1.0,1.2,8.0,0.3,7,20.0,6.0,0.2623617323950841,0.4664379990931233,0.05828546569704491,0.9967291314539226,7.15199999999993,2.1242175842617548,11.060516094778349,6.903547348429872,28.574569259596935,4.80139775354542,20.338015335093132
5,0.2,0.003,1.0,1.2,8.0,0.3,3,25.0,5.0,0.26254393859723707,0.5045556192050443,0.02053225798942986,0.9967601076762079,1.9650000000000318,2.2627594198552887,11.074524048693354,7.4671705810605715,32.42074840335911,5.3732535316223276,20.75859360129166
5,0.25,0.02,0.3,1.2,30.0,0.3,7,20.0,6.0,0.2625509251397994,0.49683437121889784,0.028267479060700897,0.9965399495540486,2.8889999999998963,5.4620563461475635,10.210096659821039,7.222999117999388,31.587538150691227,4.876305024470764,20.90206968374074
7,0.25,0.02,0.3,1.2,2.0,0.3,3,40.0,3.0,0.2633614943613123,0.500275308426792,0.026447680295832575,1.0053471166383126,2.430499999999938,7.8622628760845865,10.404301199802406,7.104619894513971,32.482466108912135,5.195313234009706,20.418505804659233
5,0.25,0.02,0.3,0.8,8.0,0.3,7,20.0,6.0,0.2634669739175967,0.48762388078918883,0.039310067046004586,0.9972587679575823,4.415499999999952,5.575076210805481,10.333887813899493,9.441766278481936,29.19785286784856,6.90924649194212,20.797365258897745
5,0.25,0.02,0.3,0.5,8.0,0.3,7,20.0,6.0,0.263593152975825,0.5011218560109973,0.026064449940652656,0.9972879357685658,2.5974999999998545,5.5989179235681,10.341637500572622,13.278436076673525,28.390692926988635,9.821630873869175,20.77281722061748
5,0.2,0.0,0.0,1.2,8.0,0.3,3,25.0,5.0,0.264148380967972,0.5069646724696539,0.02133208946629004,0.9953327852457616,2.056500000000028,1.1067970779161367,11.677383747157958,7.43236768580125,32.96946123151083,5.24370293604746,20.633445857407146
5,0.25,0.02,0.3,1.2,8.0,0.3,3,30.0,5.0,0.26414914560858976,0.5059554874161649,0.02234280380101462,0.9975565549699614,2.138500000000022,4.836994316195974,10.340546612991265,7.757217038275353,32.28208221652727,5.348751637182047,20.928201370390763
5,0.25,0.02,0.3,1.2,8.0,0.3,3,30.0,6.0,0.26414914560858976,0.5059554874161649,0.02234280380101462,0.9975565549699614,2.138500000000022,4.836994316195974,10.340546612991265,7.757217038275353,32.28208221652727,5.348751637182047,20.928201370390763
5,0.2,0.02,0.3,1.2,2.0,0.3,3,30.0,4.0,0.26457938438341616,0.5059856596497049,0.023173109117127465,0.9972879704879999,2.24249999999995,4.785879678604321,10.404306669083788,7.369488823289207,32.261707884796074,5.1275522957992,21.148809869566236
5,0.2,0.02,0.3,1.2,2.0,0.3,3,30.0,5.0,0.26457938438341616,0.5059856596497049,0.023173109117127465,0.9972879704879999,2.24249999999995,4.785879678604321,10.404306669083788,7.369488823289207,32.261707884796074,5.1275522957992,21.148809869566236
5,0.25,0.02,0.3,1.2,8.0,0.3,3,30.0,0.0,0.2645954178817333,0.506848031962452,0.02234280380101462,0.9975565549699614,2.138500000000022,4.836994316195974,10.340546612991265,7.757217038275353,32.28208221652727,5.381445229722293,21.004366209964292
5,0.2,0.002,0.5,1.2,8.0,0.3,3,25.0,5.0,0.2646368466479212,0.508723776617153,0.020549916678689384,0.9962166129462899,1.9650000000000318,1.4141698855294245,11.631122549765875,7.431985362666773,33.00036406192889,5.305789457737295,20.760614226134898
5,0.2,0.001,0.25,1.2,8.0,0.3,3,25.0,5.0,0.2651326075623055,0.5089448098405215,0.021320405284089537,0.9954146337295382,2.056500000000028,1.1566983399517203,11.649163993819164,7.43206914984127,32.99271361157099,5.30590723303574,20.788478987828434
5,0.2,0.02,0.3,1.2,2.0,0.3,3,30.0,0.0,0.2658634328907322,0.508553756664337,0.023173109117127465,0.9972879704879999,2.24249999999995,4.785879678604321,10.404306669083788,7.369488823289207,32.261707884796074,5.312485337518663,21.332719310428924
5,0.2,0.02,0.3,1.2,30.0,0.3,3,40.0,3.0,0.2662186065119085,0.5108491375363858,0.021588075487431108,0.997643570539039,2.03449999999998,5.015725313096489,10.223726590133476,7.529585447159458,32.69367589807167,5.378959719646442,21.152468183051205
7,0.15,0.02,0.3,1.2,8.0,0.3,3,25.0,5.0,0.267296255262139,0.5094623547549506,0.025130155769327395,1.005505396128794,2.24249999999995,7.958995663379912,10.34019202937175,6.916586315209362,33.25492030460476,5.175022533391117,20.79690183451789
5,0.2,0.02,0.3,0.1,8.0,0.3,3,25.0,5.0,0.26754595701238515,0.5200888412896014,0.015003072735168878,0.9974451090990304,1.125,4.864417856229902,10.361656293058951,17.806069694647856,26.51041170164404,23.511399105898487,17.844476876397657
5,0.2,0.02,0.3,1.2,2.0,0.3,3,30.0,6.0,0.2679206074259757,0.5126681057348239,0.023173109117127465,0.9972879704879999,2.24249999999995,4.785879678604321,10.404306669083788,7.369488823289207,32.261707884796074,5.1275522957992,21.813978525325304
5,0.2,0.02,0.3,1.2,2.0,0.3,3,30.0,7.0,0.2679206074259757,0.5126681057348239,0.023173109117127465,0.9972879704879999,2.24249999999995,4.785879678604321,10.404306669083788,7.369488823289207,32.261707884796074,5.1275522957992,21.813978525325304
5,0.2,0.02,0.3,1.2,2.0,0.3,3,30.0,8.0,0.2679206074259757,0.5126681057348239,0.023173109117127465,0.9972879704879999,2.24249999999995,4.785879678604321,10.404306669083788,7.369488823289207,32.261707884796074,5.1275522957992,21.813978525325304
5,0.25,0.006,0.5,0.8,8.0,0.3,7,20.0,6.0,0.2690585704966909,0.4990751907496183,0.03904195024376356,0.9973509388718301,4.415499999999952,4.690727114582582,10.612903948135108,9.386756547341998,30.63500839533171,6.933666505497882,20.849739615804083
5,0.2,0.02,0.3,0.1,2.0,0.3,3,40.0,3.0,0.26911521413572037,0.5232019875611387,0.01502844071030203,0.9972861014856189,1.125,4.78586779854723,10.404678048038916,15.406986235880476,27.488763061183715,22.670470395706108,18.48620863247507
5,0.25,0.02,0.3,1.2,8.0,0.3,3,30.0,3.0,0.2692267105147384,0.5161106172284622,0.02234280380101462,0.9975565549699614,2.138500000000022,4.836994316195974,10.340546612991265,7.757217038275353,32.28208221652727,5.306200890287874,21.955541348767916
5,0.25,0.02,0.3,1.2,8.0,0.3,3,30.0,4.0,0.2692267105147384,0.5161106172284622,0.02234280380101462,0.9975565549699614,2.138500000000022,4.836994316195974,10.340546612991265,7.757217038275353,32.28208221652727,5.306200890287874,21.955541348767916
5,0.25,0.02,0.3,1.2,8.0,0.3,3,30.0,7.0,0.26932139157123397,0.5162999793414533,0.02234280380101462,0.9975565549699614,2.138500000000022,4.836994316195974,10.340546612991265,7.757217038275353,32.28208221652727,5.348128092515757,21.95813077236974
5,0.25,0.02,0.3,1.2,8.0,0.3,3,30.0,8.0,0.26932139157123397,0.5162999793414533,0.02234280380101462,0.9975565549699614,2.138500000000022,4.836994316195974,10.340546612991265,7.757217038275353,32.28208221652727,5.348128092515757,21.95813077236974
5,0.25,0.001,0.25,0.8,8.0,0.3,7,20.0,6.0,0.27000894313722873,0.5016247230942783,0.03839316318017918,0.9952565118762753,4.415499999999952,0.8148757095331424,11.592942636376003,9.031657187340544,31.184454475770128,6.909289122492275,20.800987833118516
5,0.25,0.0,0.0,0.8,8.0,0.3,7,20.0,6.0,0.2700472331515768,0.5016466240373305,0.03844784226582314,0.995065892116298,4.415499999999952,0.8014551639565192,11.623712821707256,9.031657187340544,31.184560074639673,6.909289122492275,20.803088361567937
5,0.25,0.002,0.5,0.8,8.0,0.3,7,20.0,6.0,0.2705692533438718,0.5028733561500809,0.038265150537662704,0.9961750489322557,4.415499999999952,1.2242952252683925,11.434528525692988,9.252075436101038,31.184455511823796,6.933666505497882,20.849739615804083
5,0.1,0.006,0.5,0.8,8.0,0.3,7,20.0,6.0,0.2711983564534637,0.5103381086753827,0.03205860423154466,0.997401154699356,3.450999999999908,4.821671681190613,10.628421206541203,8.826614480592204,32.015075668559184,7.10116678151369,21.02283057198202
5,0.25,0.02,0.3,1.2,2.0,0.3,7,20.0,6.0,0.27206424820043185,0.452189444891575,0.09193905150928873,0.9975837305901301,11.638499999999908,5.66040612022086,10.40396442525456,6.377592041479547,31.217107707008566,4.643987575143272,17.088509559940057
5,0.3,0.006,0.5,0.8,8.0,0.3,7,20.0,6.0,0.27210934741066306,0.5051767195754047,0.03904197524592146,0.9972747587457657,4.415499999999952,4.639907899301819,10.61674369090108,10.27439825276725,31.197114575821804,6.773447277167809,20.824990782335107
5,0.25,0.003,1.0,0.8,8.0,0.3,7,20.0,6.0,0.27229540638815763,0.5064374743271682,0.038153338449147055,0.9966304854059647,4.415499999999952,1.9667860008712412,10.69709391397176,9.250433859825726,31.183252073329093,7.0421971235923815,21.16393514879406
5,0.2864789,0.006,0.5,0.8,8.0,0.3,7,20.0,6.0,0.272321144221525,0.5056003483597615,0.03904194008328839,0.9973509652199499,4.415499999999952,4.690727081125431,10.612895155182564,10.275453768599363,31.163811599948115,6.875556320328488,20.852585348511717
5,0.25,0.005,1.5,0.8,8.0,0.3,7,20.0,6.0,0.27269259040941185,0.5066726647970274,0.03871251602179631,0.9971952850847481,4.415499999999952,3.7608169134335925,10.632995407501827,9.291522627976766,30.72319218207576,7.070429071756096,21.51460152429025
5,0.75,0.006,0.5,0.8,8.0,0.3,7,20.0,6.0,0.2730701025154425,0.5078225869764679,0.03831761805441719,0.996488330521984,4.310999999999922,3.9810841514697413,10.882145262387674,11.409280685509938,31.59070419515488,6.1995169217062,20.670987503639164
5,0.2,0.02,0.3,0.25,2.0,0.3,3,40.0,3.0,0.273436875299584,0.5304859060578209,0.016387844541347077,0.9972860644292665,1.31149999999991,4.785986417327756,10.404622387438934,13.94983071634758,27.601542624326356,15.30882488302494,22.298071833208898
7,0.1,0.02,0.3,1.2,8.0,0.3,3,25.0,5.0,0.27431722385035745,0.5235042920954053,0.025130155605309602,1.0055053957652555,2.24249999999995,7.9589954812338615,10.340192030878896,6.981071924535085,34.47640714361675,5.303503896846642,21.176454474859952
5,0.2,0.005,1.5,0.5,2.0,0.3,3,40.0,3.0,0.27444433846739696,0.5327627869913835,0.016125889943410507,0.9971430633078779,1.31149999999991,3.9579597161004303,10.497318039305505,12.718240880784892,32.15195923408646,9.985804398234617,21.20364983505679
5,0.2,0.003,1.0,0.5,2.0,0.3,3,40.0,3.0,0.27463596006349766,0.5337199877852596,0.015551932341735677,0.9968240909403536,1.31149999999991,2.4013340848256073,10.439302957497235,12.481576419052784,32.17376265158996,9.901916263293133,21.38623930286734
5,0.2,0.005,1.5,0.8,8.0,0.3,3,25.0,5.0,0.2748762125855915,0.531564332676402,0.018188092494780976,0.9970959372537271,1.5904999999999063,3.848861398016014,10.64799646778,9.613457316325396,33.84794023286662,7.5954409468884565,21.31212251575863
5,0.2,0.002,0.5,0.5,2.0,0.3,3,40.0,3.0,0.2749608918876893,0.5344968607945488,0.015424922980829744,0.9962577321299027,1.31149999999991,1.5031913467774676,10.674006008654247,12.483988646599196,32.170575583778884,9.978094894693266,21.435659867948356
5,0.2,0.006,0.5,0.5,2.0,0.3,3,40.0,3.0,0.27502874008504546,0.5336941471868296,0.01636333298326129,0.9972512491879353,1.31149999999991,4.613006870662245,10.495559974110536,13.03333304894603,31.844351444903143,9.978094894693266,21.435659867948356
5,0.2,0.0,0.0,0.5,2.0,0.3,3,40.0,3.0,0.27529665244007456,0.5341911010964002,0.01640220378374889,0.9952860448712249,1.4024999999999181,1.075722680516714,11.277028305539693,12.409889307589687,32.18030740922509,9.792065188168113,21.492426643613914
5,0.2,0.001,0.25,0.5,2.0,0.3,3,40.0,3.0,0.27569739896250595,0.5350296950184872,0.01636510290652469,0.9954880117095135,1.4024999999999181,1.1023264576415746,11.283499884314308,12.409917740717313,32.18030670441094,9.978094858232968,21.503647331052193
5,0.25,0.001,0.25,0.5,8.0,0.3,7,20.0,6.0,0.27606442369113593,0.5270999543528996,0.02502889302937231,0.995110719668292,2.5974999999998545,0.574044466006223,11.46425444535299,13.191941343422245,31.886380913530488,9.821631571089176,20.76075819190303
5,0.2,0.02,0.3,0.25,8.0,0.3,3,25.0,5.0,0.27607965935685874,0.535798444545695,0.0163608741680224,0.9974701038840913,1.31149999999991,4.880139404996801,10.35749694101226,17.841812965765335,26.312758199603497,16.066978474220747,22.312663419915015
5,0.25,0.0,0.0,0.5,8.0,0.3,7,20.0,6.0,0.27608818354876413,0.5271095493285952,0.025066817768933068,0.9949587932950086,2.5974999999998545,0.5218581874884858,11.516300295083289,13.192463762698564,31.88278447286211,9.821631305615623,20.76425655217133
5,0.4,0.006,0.5,0.8,8.0,0.3,7,20.0,6.0,0.2762286248082165,0.5134443479861256,0.03901290163030744,0.9972732850509516,4.415499999999952,4.567392623704449,10.61653712938413,10.425059830467474,32.256790264146794,6.693737539180003,20.826668285085283
5,0.2,0.003,1.0,0.8,8.0,0.3,3,25.0,5.0,0.27636527739427724,0.5350881887209443,0.017642366067610153,0.9966793878642259,1.5904999999999063,2.181350238260621,10.710344104406465,9.542464751575398,34.20300331759043,7.369325209825554,21.50160992636789
5,0.5,0.006,0.5,0.8,8.0,0.3,7,20.0,6.0,0.2765106358827148,0.5138802554369372,0.03914101632849239,0.9971596650505881,4.415499999999952,4.548341314761894,10.881871392619022,10.44565078476234,32.304965843104206,6.694234594070792,20.827000936259374
5,0.2,0.006,0.5,0.8,8.0,0.3,3,25.0,5.0,0.2765414344618453,0.5347480747231776,0.018334794200512962,0.9972191051470668,1.5904999999999063,4.305993116131862,10.629274136959399,9.723159359903734,34.0749930069666,7.305414330815861,21.53588407531645
5,0.25,0.002,0.5,0.5,8.0,0.3,7,20.0,6.0,0.2766985450304269,0.5284591378926822,0.024937952168171643,0.9961096101536364,2.5974999999998545,1.0621287567418203,11.368361102151917,13.524582732710298,31.904683654009197,9.83158761724649,20.778559458021487
5,0.15,0.006,0.5,0.8,8.0,0.3,7,20.0,6.0,0.27724442013515005,0.5153978381366364,0.03909100213366362,0.9973633566513265,4.415499999999952,4.804054656335868,10.628402553273965,8.909611229263566,31.825150975443062,7.100949075069465,21.646594908829954
3,0.1,0.02,0.3,1.2,8.0,0.3,3,25.0,5.0,0.2773425657319687,0.5264576039100894,0.028227527553847987,0.99751706781201,2.944499999999948,4.838869824427151,10.338782545393688,8.363538601344173,34.09879135488504,5.851491698664738,21.233962631659377
3,0.5,0.02,0.3,1.2,8.0,0.3,3,25.0,5.0,0.2773670936598093,0.5306263597881055,0.02410782753151322,0.9987722100314317,2.3624999999999545,5.916148090237879,10.338897819027615,9.842071764890404,34.03942128789575,5.557640190543307,21.366288029909988
3,0.4,0.02,0.3,1.2,8.0,0.3,3,25.0,5.0,0.2783976343146825,0.5326874410994387,0.024107827529926403,0.9987722100354648,2.3624999999999545,5.916148088774326,10.338897819062181,9.336998407997477,34.479911266111486,5.556664435506354,21.382002047630294
5,0.25,0.006,0.5,0.5,8.0,0.3,7,20.0,6.0,0.2783996676361251,0.5310192674794668,0.025780067792783405,0.9973621770903502,2.5974999999998545,4.689675773755789,10.594299761349783,13.334649693139099,32.32017476169279,9.83158761724649,20.778559458021487
3,0.25,0.02,0.3,1.2,8.0,0.3,3,25.0,5.0,0.2791821954488209,0.5334843605499852,0.024880030347656623,0.9987874620139079,2.4664999999999964,5.960545471934354,10.338901697695762,8.67925016845024,34.80642244403779,5.639188572188732,21.373432785303855
3,0.2864789,0.02,0.3,1.2,8.0,0.3,3,25.0,5.0,0.27924883341837625,0.5336291026647878,0.02486856417196471,0.9987674297165776,2.4664999999999964,5.919853855734207,10.338901916335436,8.726171674510969,34.80684577683964,5.639286298999546,21.373429465854144
3,0.3,0.02,0.3,1.2,8.0,0.3,3,25.0,5.0,0.27940603575642425,0.5339435073408838,0.02486856417196467,0.9987674297165775,2.4664999999999964,5.919853855734207,10.338901916335278,8.813768827292535,34.80293595355407,5.639286298999546,21.381531752443234
5,0.2,0.006,0.5,0.8,8.0,0.3,7,20.0,6.0,0.2796185883990309,0.5201656158572179,0.03907156094084397,0.9973751384209296,4.415499999999952,4.762455044396916,10.629257661678325,8.992853917028315,32.441403916840834,6.93957637940189,21.68953714692931
5,0.25,0.003,1.0,0.5,8.0,0.3,7,20.0,6.0,0.27969587434377857,0.5345924104292885,0.02479933825826866,0.9965417477455174,2.5974999999998545,1.8158269242705396,10.539131540149336,13.483841108468006,31.96365385857558,10.305084203997463,21.17320919096562
3,0.2,0.02,0.3,1.2,8.0,0.3,3,25.0,5.0,0.2798175450189892,0.5334976803667336,0.02613740967124483,0.9987870124389752,2.6389999999998963,5.960513076468925,10.338789952369705,8.694359776489575,34.80619293852437,5.644959699164442,21.368174660876768
5,0.2,0.0,0.0,0.8,8.0,0.3,3,25.0,5.0,0.28052919157297496,0.5426234454351028,0.018434937710847164,0.9950854639137658,1.6729999999998881,0.7561209822057539,11.623693452331135,9.492553117235166,35.23008742264572,7.242976026223101,21.533470012478674
5,0.2,0.002,0.5,0.8,8.0,0.3,3,25.0,5.0,0.2806780576558354,0.5436241932754067,0.017731922036264138,0.9962387055882667,1.5904999999999063,1.3927296902035646,11.448046589634014,9.492013217475264,35.32610781503964,7.305414330815861,21.53588407531645
5,0.2,0.001,0.25,0.8,8.0,0.3,3,25.0,5.0,0.28073867056132257,0.543111374377043,0.01836596674560212,0.9953754350818975,1.6729999999998881,0.7975498373298439,11.590963509373095,9.492553117235166,35.250534501447575,7.305467314915333,21.54221463588878
5,0.2,0.006,0.5,0.5,8.0,0.3,3,25.0,5.0,0.28078614470110036,0.5460208403628797,0.015551449039321055,0.9972258424243869,1.2084999999999582,4.337994605759569,10.60388457534321,13.457621945802396,33.59451618458217,10.357979901477732,21.07397277308365
3,0.15,0.02,0.3,1.2,8.0,0.3,3,25.0,5.0,0.28089473455229697,0.5334253137765913,0.02836415532800263,0.9987869832181888,2.944499999999948,5.9605131599507315,10.338782575347498,8.644038913378546,34.810928584155,5.644020510062959,21.372732597713075
7,0.4,0.006,0.5,0.8,8.0,0.3,7,20.0,6.0,0.2812419436702335,0.5221445675588484,0.04033931978161853,0.9982590138615072,4.61099999999999,4.934927204222672,10.614270337915146,8.935516337513883,34.86982177724228,6.015778551103478,20.276581949360725
7,0.2864789,0.006,0.5,0.8,8.0,0.3,7,20.0,6.0,0.28228081158740326,0.5242147608152534,0.04034686235955312,0.9982522710507684,4.61099999999999,4.934424262399039,10.62923976160602,8.66940071483787,34.59808578072696,6.056665908780709,20.754691340381378
5,0.25,0.005,1.5,0.5,8.0,0.3,7,20.0,6.0,0.2825924695178477,0.5397318450559696,0.025453093979725838,0.9971925913136491,2.5974999999998545,3.762320079487738,10.609310920252707,13.324843015713856,32.20804519968629,10.376895109929002,21.521257236300766
7,0.3,0.006,0.5,0.8,8.0,0.3,7,20.0,6.0,0.2826988297576166,0.5250507971556801,0.0403468623595531,0.9982522710507684,4.61099999999999,4.934424262398987,10.62923976160602,8.886506665831947,34.62174919239602,6.051855447588895,20.756585161327394
5,0.25,0.02,0.3,0.25,8.0,0.3,7,20.0,6.0,0.28340223401461667,0.5456574001967034,0.02114706783253,0.9973829824598004,1.92999999999995,5.524130747067427,10.346478624482176,17.882216716753582,27.12523031928756,15.773296222399164,22.79660112933897
5,0.2,0.003,1.0,0.5,8.0,0.3,3,25.0,5.0,0.2835134554781812,0.5522403968443075,0.014786514112054838,0.9965617766601464,1.2084999999999582,2.098111156781774,10.544318144554948,12.891958843950732,34.800008186993274,10.319424986094246,20.973038174186023
7,0.1,0.006,0.5,0.8,8.0,0.3,7,20.0,6.0,0.28378652617249867,0.5342197216687123,0.03335333067628497,0.9983216759986908,3.64549999999997,5.055593628610372,10.659226335095141,8.168373396314825,35.36208098874691,6.272790311985951,21.232252645277583
7,0.5,0.006,0.5,0.8,8.0,0.3,7,20.0,6.0,0.2847468345026734,0.529078094577843,0.040415574427503785,0.9974232940433532,4.61099999999999,4.592686437419046,10.628803092345246,9.410940689895062,35.52666057625815,6.00919915861409,20.324031500488026
5,0.2,0.0,0.0,0.5,8.0,0.3,3,25.0,5.0,0.2848160427704452,0.5547089872916325,0.014923098249257825,0.9950142453082935,1.2084999999999582,0.5073461168475432,11.516845393611376,12.89387354809432,34.97665583977558,10.23908064130892,21.116818221163655
5,0.2,0.001,0.25,0.5,8.0,0.3,3,25.0,5.0,0.285103279346396,0.5553151483367567,0.014891410356035393,0.9952709386443059,1.2084999999999582,0.6376885788553696,11.466741970331803,12.893540976530186,34.955820030380444,10.357980005716046,21.146723590178176
3,0.4,0.006,0.5,0.8,8.0,0.3,7,20.0,6.0,0.2851040201882122,0.5337001330042468,0.03650790737217759,0.9960815478079159,4.22849999999994,0.8070200729473176,10.820319457357721,12.023885501999898,33.613371241464066,7.248805534355092,21.175140126494057
5,0.2,0.002,0.5,0.5,8.0,0.3,3,25.0,5.0,0.28517711915331,0.5554525701990587,0.014901668107561305,0.9962360425454598,1.2084999999999582,1.3522110811547225,11.373507773263988,12.89283105543592,35.0712356638328,10.357979901477732,21.07397277308365
7,0.2864789,0.02,0.3,1.2,8.0,0.3,3,25.0,5.0,0.2853071764470154,0.5448363345483849,0.02577801834564596,1.0054701931532126,2.3329999999998563,7.95243548463349,10.339399258863128,7.14424248269004,37.571334897759264,4.996614771085213,20.96543680800034
5,0.2,0.006,0.5,0.1,8.0,0.3,3,25.0,5.0,0.28594992759384485,0.5595773594666833,0.012322495721006459,0.9971927933472589,0.7644999999998845,4.363359823580622,10.576124364250429,23.54700042338608,29.62348699505198,23.49776167271951,17.771094808869538
7,0.15,0.006,0.5,0.8,8.0,0.3,7,20.0,6.0,0.2861495984175598,0.5319281626714051,0.040371034163714604,0.998327979162918,4.61099999999999,5.0313866989084355,10.638731440627895,8.202494333830934,34.91570976016568,6.193233340613864,21.366505933259575
7,0.3,0.02,0.3,1.2,8.0,0.3,3,25.0,5.0,0.286610520478129,0.5474430226075975,0.025778018348660593,1.005470193165711,2.3329999999998563,7.952435483290497,10.339399259934472,7.487140711944962,37.75341994746617,5.078046505616694,20.94929164335876
3,0.5,0.006,0.5,0.8,8.0,0.3,7,20.0,6.0,0.2866493516374373,0.5367908778701488,0.036507825404725885,0.996082300600071,4.22849999999994,0.806790065607386,10.820811854247683,12.557156807558572,33.827549902223055,7.228728828651261,21.167913154359077
3,0.75,0.006,0.5,0.8,8.0,0.3,7,20.0,6.0,0.2875816017523147,0.5386554416334761,0.03650776187115328,0.9960820858963786,4.22849999999994,0.8066920818090599,10.820620330591632,13.056278995376257,33.87981254535799,7.3028607431285435,21.135298990962724
7,0.75,0.006,0.5,0.8,8.0,0.3,7,20.0,6.0,0.2882133799387116,0.5363369361123385,0.04008982376508477,0.9974205526290377,4.61099999999999,3.8044945092847158,10.61069806096483,9.354743182752484,36.51440824210667,5.866415778529908,20.36278886822327
5,0.2,0.005,1.5,0.1,2.0,0.3,3,40.0,3.0,0.289030338299514,0.5646940792915155,0.013366597307512534,0.9971209174019435,0.9369999999998981,3.9047593325788563,10.463678920154548,23.028655420601087,30.83821381550519,22.709505905121027,17.85247397487824
5,0.2,0.005,1.5,0.5,8.0,0.3,3,25.0,5.0,0.2891348609710624,0.5634914707751024,0.014778251167022378,0.9970931910595393,1.125,3.8340351001768167,10.619420386404434,13.074486425384034,33.78554936262926,10.447579244112402,22.750121066158023
5,0.25,0.02,0.3,1.2,8.0,0.3,5,20.0,6.0,0.28980849519680174,0.532240865025549,0.04737612536805452,0.9985760707794177,5.526499999999942,5.979310914357951,10.664429447733884,7.535943435727901,36.95235938237939,4.839177532680529,20.186055173088395
7,0.5,0.02,0.3,1.2,8.0,0.3,3,25.0,5.0,0.28988588936420867,0.554752332121444,0.02501944660697328,1.005469796185398,2.228999999999928,7.952434897386168,10.338330573901056,8.031227521117932,38.52177070020746,4.908313349778076,20.98294856665773
7,0.2,0.006,0.5,0.8,8.0,0.3,7,20.0,6.0,0.2899195931951874,0.5394978261579051,0.040341360232469675,0.9983232769088597,4.61099999999999,4.966427199499193,10.627492687981134,8.352789772577722,35.87881212481781,6.305413094372429,21.294188173542477
7,0.25,0.006,0.5,0.8,8.0,0.3,7,20.0,6.0,0.2900274317822607,0.5396964951862161,0.04035836837830527,0.998251314717922,4.61099999999999,4.9594148108484895,10.632078543941699,8.426294989006001,35.94662769240338,6.155028786318991,21.298384253491157
7,0.4,0.02,0.3,1.2,8.0,0.3,3,25.0,5.0,0.2905640123791993,0.555350536928323,0.025777487830075586,1.0054697653314164,2.3329999999998563,7.952435150481041,10.33835339951591,7.867282849578824,38.60912354321397,4.998167907179119,20.98882280124036
3,0.1,0.02,0.3,1.2,2.0,0.3,3,40.0,3.0,0.29084006196059825,0.5499966972780435,0.031683426643153,0.9972855696580671,3.4099999999998545,4.785921543446178,10.404249991638366,7.6140927801943965,36.65042286846823,5.904456494784253,21.805493118844357
5,0.2,0.006,0.5,0.1,2.0,0.3,3,40.0,3.0,0.2922293128546002,0.570919954118919,0.013538671590281326,0.9972127002756654,0.9369999999998981,4.382709274749044,10.467428380946552,22.266413215836454,31.248039382763743,22.726115490760257,18.394829111062403
3,0.25,0.02,0.3,1.2,2.0,0.3,3,40.0,3.0,0.2928262787070024,0.5542777079257545,0.031374849488250305,0.9966033202925046,2.869000000000028,13.342300843567573,10.404257356113076,7.763779693659076,37.381830648419395,5.846214467619216,21.64316464134444
3,0.2864789,0.02,0.3,1.2,2.0,0.3,3,40.0,3.0,0.2932941826563986,0.55521351734291,0.03137484796988722,0.9966033387839812,2.869000000000028,13.342308511681388,10.404257356129227,8.024287740457446,37.380333993179136,5.846214467618692,21.659495455431372
3,0.2,0.02,0.3,1.2,2.0,0.3,3,40.0,3.0,0.29437198013657595,0.554183875996407,0.03456008427674492,0.9966032879522023,3.3059999999999263,13.342310336473446,10.40425439489823,7.716997367110848,37.37731359630688,5.8532021979906625,21.648615344037005
3,0.5,0.02,0.3,1.2,2.0,0.3,3,40.0,3.0,0.2945252812595686,0.5576757142552419,0.031374848263895375,0.9966033372245937,2.869000000000028,13.342308275763244,10.404257355325713,9.798848599452329,37.990006693138184,5.705243757167664,20.95602827633555
3,0.15,0.02,0.3,1.2,2.0,0.3,3,40.0,3.0,0.2947427641579696,0.5541674336919873,0.03531809462395189,0.9966033561774768,3.4099999999998545,13.34228018035905,10.404254443034196,7.683901457975539,37.46050720981751,5.706364068108917,21.64943286925471
5,0.2,0.006,0.5,0.25,8.0,0.3,3,25.0,5.0,0.29548403979540133,0.5773935683643727,0.013574511226429914,0.997222871581376,0.9369999999998981,4.359262165771378,10.585680172487514,19.01523680673638,31.501592393554954,16.05766473197636,22.275793002572897
1,0.1,0.02,0.3,1.2,8.0,0.3,3,25.0,5.0,0.2955346675679472,0.5187424373555911,0.07232689778030327,0.9964739334598374,9.041499999999928,3.2763731436052974,10.415612509516473,10.069488211749695,30.997410693749753,6.966035856289725,21.980454811802346
1,0.15,0.02,0.3,1.2,8.0,0.3,3,25.0,5.0,0.2955346675679472,0.5187424373555911,0.07232689778030327,0.9964739334598374,9.041499999999928,3.2763731436052974,10.415612509516473,10.069488211749695,30.997410693749753,6.966035856289725,21.980454811802346
1,0.2,0.02,0.3,1.2,8.0,0.3,3,25.0,5.0,0.2955346675679472,0.5187424373555911,0.07232689778030327,0.9964739334598374,9.041499999999928,3.2763731436052974,10.415612509516473,10.069488211749695,30.997410693749753,6.966035856289725,21.980454811802346
1,0.25,0.02,0.3,1.2,8.0,0.3,3,25.0,5.0,0.2955346675679472,0.5187424373555911,0.07232689778030327,0.9964739334598374,9.041499999999928,3.2763731436052974,10.415612509516473,10.069488211749695,30.997410693749753,6.966035856289725,21.980454811802346
1,0.2864789,0.02,0.3,1.2,8.0,0.3,3,25.0,5.0,0.2955346675679472,0.5187424373555911,0.07232689778030327,0.9964739334598374,9.041499999999928,3.2763731436052974,10.415612509516473,10.069488211749695,30.997410693749753,6.966035856289725,21.980454811802346
1,0.3,0.02,0.3,1.2,8.0,0.3,3,25.0,5.0,0.2955346675679472,0.5187424373555911,0.07232689778030327,0.9964739334598374,9.041499999999928,3.2763731436052974,10.415612509516473,10.069488211749695,30.997410693749753,6.966035856289725,21.980454811802346
1,0.4,0.02,0.3,1.2,8.0,0.3,3,25.0,5.0,0.2955346675679472,0.5187424373555911,0.07232689778030327,0.9964739334598374,9.041499999999928,3.2763731436052974,10.415612509516473,10.069488211749695,30.997410693749753,6.966035856289725,21.980454811802346
1,0.5,0.02,0.3,1.2,8.0,0.3,3,25.0,5.0,0.2955346675679472,0.5187424373555911,0.07232689778030327,0.9964739334598374,9.041499999999928,3.2763731436052974,10.415612509516473,10.069488211749695,30.997410693749753,6.966035856289725,21.980454811802346
1,0.75,0.02,0.3,1.2,8.0,0.3,3,25.0,5.0,0.2955346675679472,0.5187424373555911,0.07232689778030327,0.9964739334598374,9.041499999999928,3.2763731436052974,10.415612509516473,10.069488211749695,30.997410693749753,6.966035856289725,21.980454811802346
5,0.2,0.005,1.5,0.25,2.0,0.3,3,40.0,3.0,0.29580557986504347,0.5775028634264415,0.014108296303645424,0.9971454533939108,1.03449999999998,3.984416188424983,10.475834127275082,17.851380880294517,32.90919789519072,15.231314895521876,21.91933057005217
5,0.2,0.006,0.5,0.25,2.0,0.3,3,40.0,3.0,0.2958088654863788,0.5766289378698678,0.014988793102889784,0.9972441757705716,1.125,4.589041400305674,10.477685726930487,17.968329153716084,32.161160702840206,15.305786872533433,22.320086461486508
5,0.2,0.003,1.0,0.1,2.0,0.3,3,40.0,3.0,0.2972211423038963,0.5817081605619038,0.012734124045888806,0.9967230787657033,0.9369999999998981,2.108546108869876,10.45201782977459,24.86080905365672,31.967573680647163,22.913394731096563,18.08772370656976
7,0.2864789,0.02,0.3,1.2,2.0,0.3,3,40.0,3.0,0.2978373380940832,0.5670002553281269,0.028674420860039455,1.0053471146271327,2.7359999999998763,7.8622622488581095,10.404301240628905,7.254241608942119,40.59313153055579,5.075737066123919,20.760271500841124
7,0.3,0.02,0.3,1.2,2.0,0.3,3,40.0,3.0,0.29828163457954343,0.5678888482990474,0.02867442086003946,1.0053471146271327,2.7359999999998763,7.862262248858113,10.404301240628905,7.254240780216951,40.66078330853635,5.16986238432848,20.75966274338862
5,0.2,0.003,1.0,0.25,8.0,0.3,3,25.0,5.0,0.2984076085418937,0.5840946692012168,0.012720547882570606,0.9965469134677504,0.9369999999998981,1.8745015341149984,10.543747209647568,18.438794347118865,32.740137570708036,15.998610521081684,22.225395112042765
5,0.2,0.003,1.0,0.25,2.0,0.3,3,40.0,3.0,0.2989558099849532,0.5844159243884471,0.013495695581459194,0.9967475328069646,1.03449999999998,2.2521003029398377,10.449310266520955,18.16845762875244,33.35453525728314,15.339300048580789,22.141601498790305
5,0.2,0.001,0.25,0.25,2.0,0.3,3,40.0,3.0,0.29916832182581793,0.5847818082373608,0.013554835414275091,0.9953305741413805,1.03449999999998,0.5856131830998005,11.386900797418072,17.81952595412256,33.35713048169661,15.307839092429996,22.293262470446855
5,0.2,0.005,1.5,0.25,8.0,0.3,3,25.0,5.0,0.29937589087855154,0.5853417834886091,0.013409998268493945,0.9970944042743021,0.9369999999998981,3.851659168055931,10.607607601982956,19.083561844056803,31.671071295465243,15.985134345544635,22.94956274131148
5,0.2,0.0,0.0,0.25,2.0,0.3,3,40.0,3.0,0.29937871359658863,0.5850910020767448,0.013666425116432415,0.9949304842507136,1.03449999999998,0.5319289906300569,11.469156046729614,17.826478518347503,33.3537686773236,15.415837206026533,22.28246279255191
5,0.2,0.002,0.5,0.25,2.0,0.3,3,40.0,3.0,0.2995675867029494,0.5858029931460452,0.013332180259853575,0.9962569718287946,1.03449999999998,1.411910759059512,10.582695562015418,18.042481937890667,33.36875357637007,15.305786872533433,22.320086461486508
3,0.3,0.02,0.3,1.2,2.0,0.3,3,40.0,3.0,0.2996037517348269,0.5678326554921402,0.0313748479775135,0.99660333898134,2.869000000000028,13.34230865238734,10.404257356129227,8.050433437034956,38.9786795872648,5.849802784852977,21.66900175819808
5,0.2,0.002,0.5,0.25,8.0,0.3,3,25.0,5.0,0.30031902966280277,0.587952894418041,0.012685164907564566,0.9961391725080548,0.9369999999998981,1.0900940266883223,10.988978726197331,18.308844749383418,33.21426395824199,16.05766473197636,22.275793002572897
5,0.75,0.02,0.3,1.2,2.0,0.3,3,40.0,3.0,0.3007706893604572,0.5749975656685082,0.026543813052406117,0.9965303643983436,2.24249999999995,12.31998523039039,10.728018077073255,8.178507616279138,40.11297108837725,5.28016259352442,21.627284530904486
5,0.2,0.002,0.5,0.1,2.0,0.3,3,40.0,3.0,0.3013330644119932,0.5901070022141935,0.0125591266097929,0.9962158081486416,0.9369999999998981,1.2410171798842837,10.574063485567704,24.716174576821352,32.84796845612656,22.726115490760257,18.394829111062403
5,0.25,0.02,0.3,0.1,8.0,0.3,7,20.0,6.0,0.3013927378251896,0.5823948768428348,0.0203905988075445,0.9975047147849352,1.8319999999999936,5.487839211419269,10.353798531872764,16.067697468182914,27.063311179035402,23.447963310655357,24.189938457238394
3,0.4,0.02,0.3,1.2,2.0,0.3,3,40.0,3.0,0.30145127836075847,0.5715277084655029,0.031374848256014,0.9966033372171721,2.869000000000028,13.342308251713398,10.404257355325713,9.177444584425384,39.126112525815586,5.590871276968275,21.685745351394573
7,0.2,0.02,0.3,1.2,2.0,0.3,3,40.0,3.0,0.3016562097209663,0.5762584362663501,0.027053983175582493,0.9968083865304167,2.340000000000032,12.320165545940633,10.404301199802406,6.63127857479128,40.74064622741753,5.208340017370446,21.702059769170592
5,0.2,0.002,0.5,0.1,8.0,0.3,3,25.0,5.0,0.3023666929363504,0.5941416112045106,0.010591774668190189,0.996079559814433,0.6729999999998881,0.8666650692651542,10.757831202108333,25.625965747312815,33.464005937660254,23.49776167271951,17.771094808869538
5,0.2,0.001,0.25,0.25,8.0,0.3,3,25.0,5.0,0.30239146569469216,0.5918473050297188,0.01293562635966546,0.9951685263688723,0.9369999999998981,0.5211308233615386,11.577207725268115,18.311476478456374,33.682333217069285,16.066960627957293,22.313726757200882
7,0.75,0.02,0.3,1.2,8.0,0.3,3,25.0,5.0,0.30246380493979935,0.5799073770774931,0.02502023280210568,1.005471249403732,2.228999999999928,7.953482878500146,10.338327132442931,7.921289270658423,41.801388291805,4.908320981682358,20.9716526726068
5,0.25,0.001,0.25,0.25,8.0,0.3,7,20.0,6.0,0.3031186018223059,0.5860881969663605,0.02014900667825131,0.994946035406856,1.92999999999995,0.3235933833637384,11.57699013192435,19.40918427800934,31.92807400323486,15.773223524642166,22.81868438385073
5,0.2,0.0,0.0,0.25,8.0,0.3,3,25.0,5.0,0.3032111396111511,0.5934632087910359,0.01295907043126627,0.9947307011666389,0.9369999999998981,0.2814733546610448,11.604414988443459,18.31200612148134,33.88649532606817,16.067983547537683,22.323399034388334
5,0.25,0.0,0.0,0.25,8.0,0.3,7,20.0,6.0,0.30351815041166746,0.5868492269508024,0.020187073872532487,0.9947368356074324,1.92999999999995,0.2610136678613143,11.604414941157216,19.409187594155547,32.02006063880996,15.773027176744968,22.826650617955593
5,0.25,0.002,0.5,0.25,8.0,0.3,7,20.0,6.0,0.3037064012281262,0.5875426533055819,0.019870149150670487,0.9960417454619129,1.92999999999995,0.9065819416741507,10.981824439486958,19.668199380430973,31.874520417845005,16.04921204623137,22.817833987840054
5,0.2,0.001,0.25,0.1,2.0,0.3,3,40.0,3.0,0.3042724207644406,0.5957387561826206,0.012806085346260574,0.99522488842367,0.9369999999998981,0.4476879094583921,11.365487904898739,24.980711869742837,33.391976400073105,22.672529175198456,18.49792147692553
7,0.4,0.02,0.3,1.2,2.0,0.3,3,40.0,3.0,0.30491539297043346,0.5811563672943459,0.028674418646520972,1.005347114056586,2.7359999999998763,7.8622628271471235,10.404295547261837,7.500442580596214,40.80202475934608,4.903233761773841,22.00020163415541
5,0.2,0.001,0.25,0.1,8.0,0.3,3,25.0,5.0,0.30501484526911016,0.599047854705897,0.010981835832323273,0.9950522875695931,0.6729999999998881,0.41643888273255,11.537167852861021,25.608964534055648,34.014204677485786,23.511831253930083,17.855856630950285
5,0.2,0.0,0.0,0.1,2.0,0.3,3,40.0,3.0,0.30519567237756184,0.5975056982025084,0.01288564655261527,0.9946980294885913,0.9369999999998981,0.2457476780793098,11.438608923562859,24.990212216756987,33.60707396320535,22.682139053971305,18.509555428022765
3,0.75,0.02,0.3,1.2,2.0,0.3,3,40.0,3.0,0.3065763684285944,0.5877000629926166,0.025452673864572267,0.9966033260232092,2.056500000000028,13.34231989622316,10.404263322681924,9.82334674025997,41.9385240680051,5.509861906631225,20.95629101390505
5,0.25,0.006,0.5,0.25,8.0,0.3,7,20.0,6.0,0.3070857872853894,0.5933056316366063,0.020865942934172408,0.9973689462043076,1.92999999999995,4.585646889355298,10.581916595484259,21.127183380011093,32.05737831680467,16.04921204623137,22.817833987840054
5,0.25,0.003,1.0,0.25,8.0,0.3,7,20.0,6.0,0.30713154499879736,0.5943810754597727,0.01988201453782205,0.9964747478181666,1.92999999999995,1.6470021251916158,10.538090717220483,19.87063401346448,32.209544103078045,16.460528265575135,23.03066383170578
5,0.2,0.0,0.0,0.1,8.0,0.3,3,25.0,5.0,0.3072532982702739,0.60343390948867,0.011072687051877857,0.9945891962783899,0.6729999999998881,0.39598447702178685,11.496065898553663,25.734426219832923,34.50078429536129,23.511338836001833,17.898249996269403
3,0.25,0.006,0.5,0.8,8.0,0.3,7,20.0,6.0,0.30753820298359136,0.5335369738097464,0.08153943215743636,0.9052586642104437,4.22849999999994,55.89762761165575,10.874447516799329,11.161450429425381,33.727288814485334,7.565580799540334,21.208107060240593
3,0.3,0.006,0.5,0.8,8.0,0.3,7,20.0,6.0,0.3076584067356129,0.5338609519775643,0.08145586149366148,0.9053782929023251,4.22849999999994,55.819214997938644,10.820311308229252,11.234824491434356,33.73709268436038,7.565566622754679,21.21090426033355
3,0.2864789,0.006,0.5,0.8,8.0,0.3,7,20.0,6.0,0.3078751935581084,0.5342991332014575,0.08145125391475928,0.9053874766544793,4.22849999999994,55.813505245005445,10.820311308229252,11.223793841475938,33.79254210854512,7.565566622754679,21.215708175664332
3,0.2,0.006,0.5,0.8,8.0,0.3,7,20.0,6.0,0.3080197302583898,0.5345047477584646,0.081534712758315,0.9052711239195651,4.22849999999994,55.89763278215926,10.870479300848553,11.148258830658408,33.82679789471247,7.565588208736133,21.232807352082503
5,0.2,0.02,0.3,1.2,2.0,0.3,7,25.0,5.0,0.31062086262508104,0.5300607000352902,0.09118102521487187,0.9975837036981725,11.53449999999998,5.660406233290986,10.403980553877583,6.06434872281769,37.31883667421269,4.711708536446365,20.174568941705644
5,0.2,0.02,0.3,1.2,2.0,0.3,7,40.0,3.0,0.31062086262508104,0.5300607000352902,0.09118102521487187,0.9975837036981725,11.53449999999998,5.660406233290986,10.403980553877583,6.06434872281769,37.31883667421269,4.711708536446365,20.174568941705644
3,0.75,0.02,0.3,1.2,8.0,0.3,3,25.0,5.0,0.31116447473171305,0.6012076755869686,0.02112127387645744,0.9987735654282608,1.9524999999999864,5.9212716346342535,10.33923424093519,9.926740243266208,43.130894899847334,5.455576657904033,21.367882130656497
5,0.25,0.005,1.5,0.25,8.0,0.3,7,20.0,6.0,0.31124249659224923,0.6019249856580363,0.0205600075264622,0.9972041958128821,1.92999999999995,3.7123053621628688,10.597864298927231,20.665638744474744,32.195901272512394,16.72283992221938,23.450644492853172
3,0.1,0.006,0.5,0.8,8.0,0.3,7,20.0,6.0,0.31164351362483467,0.5417290021325907,0.08155802511707863,0.9052249709985905,4.22849999999994,55.92671661097447,10.870477569477647,10.442248721791808,33.70075282292217,7.841451637130703,22.152631744917926
3,0.15,0.006,0.5,0.8,8.0,0.3,7,20.0,6.0,0.31172615685384747,0.5419176071533935,0.08153470655430138,0.905271136351622,4.22849999999994,55.89762513562277,10.87047930026658,10.833570176390952,33.77108814490821,7.58575172154325,22.099833763318987
1,0.1,0.006,0.5,0.8,8.0,0.3,7,20.0,6.0,0.32262961927756667,0.5778583550806865,0.0674008834744468,0.906266557602341,2.4104999999999563,56.58580103215063,8.616687545187466,14.375683187250681,35.20415163010207,10.28122968886646,22.494116240956487
1,0.15,0.006,0.5,0.8,8.0,0.3,7,20.0,6.0,0.32262961927756667,0.5778583550806865,0.0674008834744468,0.906266557602341,2.4104999999999563,56.58580103215063,8.616687545187466,14.375683187250681,35.20415163010207,10.28122968886646,22.494116240956487
1,0.2,0.006,0.5,0.8,8.0,0.3,7,20.0,6.0,0.32262961927756667,0.5778583550806865,0.0674008834744468,0.906266557602341,2.4104999999999563,56.58580103215063,8.616687545187466,14.375683187250681,35.20415163010207,10.28122968886646,22.494116240956487
1,0.25,0.006,0.5,0.8,8.0,0.3,7,20.0,6.0,0.32262961927756667,0.5778583550806865,0.0674008834744468,0.906266557602341,2.4104999999999563,56.58580103215063,8.616687545187466,14.375683187250681,35.20415163010207,10.28122968886646,22.494116240956487
1,0.2864789,0.006,0.5,0.8,8.0,0.3,7,20.0,6.0,0.32262961927756667,0.5778583550806865,0.0674008834744468,0.906266557602341,2.4104999999999563,56.58580103215063,8.616687545187466,14.375683187250681,35.20415163010207,10.28122968886646,22.494116240956487
1,0.3,0.006,0.5,0.8,8.0,0.3,7,20.0,6.0,0.32262961927756667,0.5778583550806865,0.0674008834744468,0.906266557602341,2.4104999999999563,56.58580103215063,8.616687545187466,14.375683187250681,35.20415163010207,10.28122968886646,22.494116240956487
1,0.4,0.006,0.5,0.8,8.0,0.3,7,20.0,6.0,0.32262961927756667,0.5778583550806865,0.0674008834744468,0.906266557602341,2.4104999999999563,56.58580103215063,8.616687545187466,14.375683187250681,35.20415163010207,10.28122968886646,22.494116240956487
1,0.5,0.006,0.5,0.8,8.0,0.3,7,20.0,6.0,0.32262961927756667,0.5778583550806865,0.0674008834744468,0.906266557602341,2.4104999999999563,56.58580103215063,8.616687545187466,14.375683187250681,35.20415163010207,10.28122968886646,22.494116240956487
1,0.75,0.006,0.5,0.8,8.0,0.3,7,20.0,6.0,0.32262961927756667,0.5778583550806865,0.0674008834744468,0.906266557602341,2.4104999999999563,56.58580103215063,8.616687545187466,14.375683187250681,35.20415163010207,10.28122968886646,22.494116240956487
5,0.2,0.005,1.5,0.1,8.0,0.3,3,25.0,5.0,0.32288367436574794,0.6342730013994896,0.011494347332006289,0.997043369871252,0.6729999999998881,3.8673753586498543,10.581628102435133,24.43576704249216,30.73451291414312,23.448108417003343,24.144792611935113
5,0.25,0.02,0.3,1.2,8.0,0.3,10,20.0,6.0,0.32891674863988063,0.5145114450449496,0.1433220522348117,0.8655222316487206,9.978999999999928,80.46103597930568,10.848079995396036,7.292052489821904,32.62266907435835,4.764364497444943,21.881508909386433
7,0.15,0.02,0.3,1.2,2.0,0.3,3,40.0,3.0,0.32993206850109524,0.6328101019854475,0.027054035016742955,0.9968083834994275,2.340000000000032,12.320287731502619,10.404305190270907,6.348835434245448,49.81400405194646,5.208376715432113,20.36622259074301
5,0.2,0.003,1.0,0.1,8.0,0.3,3,25.0,5.0,0.33050847283960993,0.6502600136920084,0.010756931987211556,0.9964162669710133,0.6729999999998881,1.6863280750718763,10.55402344347272,25.622684862447535,32.28722318827226,23.612490630475293,24.17701312468199
5,0.2,0.02,0.3,1.2,2.0,0.3,5,25.0,5.0,0.3327548861989533,0.6146884332103912,0.05082133918751543,0.9985842916488274,6.013499999999908,5.986662903718256,10.404156536870454,6.822197176541612,47.89495969882723,4.796784105458852,20.135454317370883
7,0.1,0.02,0.3,1.2,2.0,0.3,3,40.0,3.0,0.3329456167435042,0.6382362175295677,0.02765501595744072,0.9958468049172977,2.340000000000032,13.210935880560879,10.404305190271007,6.514736621316825,50.05093742496724,5.372230288232544,20.609070055214733
7,0.5,0.02,0.3,1.2,2.0,0.3,3,40.0,3.0,0.3338682071512976,0.6397690133600646,0.027967400942530578,1.0053471141595234,2.6389999999998963,7.862262827142979,10.404295467198603,7.4990691121884785,49.87043231813337,5.011440069513642,20.74733519107919
5,0.25,0.003,1.0,0.1,8.0,0.3,7,20.0,6.0,0.33422351933253114,0.6520200180290541,0.01642702063600823,0.9964181101807843,1.45799999999997,1.5672189377489159,10.546689063528762,26.529243741062825,31.747336331091045,23.475746961151128,24.52830279103348
5,0.25,0.006,0.5,0.1,8.0,0.3,7,20.0,6.0,0.3344471279136938,0.6516062363334891,0.017288019493898518,0.9972473171613698,1.45799999999997,4.181109384693431,10.571501106084828,26.934282823866006,31.964328606550865,23.48545300233595,24.202358612570933
5,0.25,0.005,1.5,0.1,8.0,0.3,7,20.0,6.0,0.33656518605057845,0.6560487610310284,0.01708161107012853,0.997108983208106,1.45799999999997,3.587593376322429,10.569767091603572,26.482732483124245,31.59065965011665,23.260082529674886,25.142077744581194
5,0.25,0.002,0.5,0.1,8.0,0.3,7,20.0,6.0,0.33679532522266203,0.6573067685802776,0.01628388186504653,0.9959159340260285,1.45799999999997,0.6932115960154763,10.757049865425113,26.69635926216356,32.83619371330507,23.48545300233595,24.202358612570933
5,0.25,0.001,0.25,0.1,8.0,0.3,7,20.0,6.0,0.33948994951241573,0.6622789001183598,0.01670099890647172,0.9948057087726616,1.45799999999997,0.2578081837157744,11.537168276090965,27.20791688703259,33.36056408460288,23.41069191760337,24.18806113485726
5,0.25,0.0,0.0,0.1,8.0,0.3,7,20.0,6.0,0.34036648347288234,0.6639112860809244,0.016821680864840278,0.994557011534215,1.45799999999997,0.4434244536832771,11.49606589855305,27.544811039603964,33.562044587545145,23.316819349540374,24.13797154009495
7,0.75,0.02,0.3,1.2,2.0,0.3,3,40.0,3.0,0.3413467179786153,0.6547260332363722,0.027967402720858407,1.0053471187444658,2.6389999999998963,7.86226440138813,10.404295454221243,7.264574483250499,51.84851051114855,5.033759129926366,20.760768608855805
5,0.2,0.02,0.3,1.2,2.0,0.3,5,40.0,3.0,0.3430676237965886,0.6324310317041373,0.0537042158890399,0.9978531087731486,6.013499999999908,12.655862954233616,10.404156513388836,6.546902621536026,50.27814047583426,4.796784105458852,20.135454317370883
5,0.2,0.02,0.3,1.2,2.0,0.3,10,25.0,5.0,0.3517813000450799,0.5627217424414555,0.14084085764870435,0.9967287417514582,18.505999999999972,2.0155047919274924,10.669744819455559,6.196720241260835,42.08394398637205,4.719309909916773,19.687116400197564
5,0.2,0.02,0.3,1.2,2.0,0.3,10,40.0,3.0,0.3517813000450799,0.5627217424414555,0.14084085764870435,0.9967287417514582,18.505999999999972,2.0155047919274924,10.669744819455559,6.196720241260835,42.08394398637205,4.719309909916773,19.687116400197564
1,0.1,0.02,0.3,1.2,2.0,0.3,3,40.0,3.0,0.3842075057671355,0.6357563803786304,0.1326586311556407,0.9973720541422579,17.346000000000004,3.3533407479791246,10.403045613758275,9.914275502331899,46.775501148950546,6.778931771353474,21.56070553305144
1,0.15,0.02,0.3,1.2,2.0,0.3,3,40.0,3.0,0.3842075057671355,0.6357563803786304,0.1326586311556407,0.9973720541422579,17.346000000000004,3.3533407479791246,10.403045613758275,9.914275502331899,46.775501148950546,6.778931771353474,21.56070553305144
1,0.2,0.02,0.3,1.2,2.0,0.3,3,40.0,3.0,0.3842075057671355,0.6357563803786304,0.1326586311556407,0.9973720541422579,17.346000000000004,3.3533407479791246,10.403045613758275,9.914275502331899,46.775501148950546,6.778931771353474,21.56070553305144
1,0.25,0.02,0.3,1.2,2.0,0.3,3,40.0,3.0,0.3842075057671355,0.6357563803786304,0.1326586311556407,0.9973720541422579,17.346000000000004,3.3533407479791246,10.403045613758275,9.914275502331899,46.775501148950546,6.778931771353474,21.56070553305144
1,0.2864789,0.02,0.3,1.2,2.0,0.3,3,40.0,3.0,0.3842075057671355,0.6357563803786304,0.1326586311556407,0.9973720541422579,17.346000000000004,3.3533407479791246,10.403045613758275,9.914275502331899,46.775501148950546,6.778931771353474,21.56070553305144
1,0.3,0.02,0.3,1.2,2.0,0.3,3,40.0,3.0,0.3842075057671355,0.6357563803786304,0.1326586311556407,0.9973720541422579,17.346000000000004,3.3533407479791246,10.403045613758275,9.914275502331899,46.775501148950546,6.778931771353474,21.56070553305144
1,0.4,0.02,0.3,1.2,2.0,0.3,3,40.0,3.0,0.3842075057671355,0.6357563803786304,0.1326586311556407,0.9973720541422579,17.346000000000004,3.3533407479791246,10.403045613758275,9.914275502331899,46.775501148950546,6.778931771353474,21.56070553305144
1,0.5,0.02,0.3,1.2,2.0,0.3,3,40.0,3.0,0.3842075057671355,0.6357563803786304,0.1326586311556407,0.9973720541422579,17.346000000000004,3.3533407479791246,10.403045613758275,9.914275502331899,46.775501148950546,6.778931771353474,21.56070553305144
1,0.75,0.02,0.3,1.2,2.0,0.3,3,40.0,3.0,0.3842075057671355,0.6357563803786304,0.1326586311556407,0.9973720541422579,17.346000000000004,3.3533407479791246,10.403045613758275,9.914275502331899,46.775501148950546,6.778931771353474,21.56070553305144
5,0.2,0.02,0.3,1.2,2.0,0.2,3,40.0,3.0,1822.6297607406793,0.4514704557435547,3644.808051025615,0.5018489640625909,500001.3955,4.786134323325767,618.2010645820162,4.137430697391568,33.915706147824366,3.0282618457881685,16.22073548960512
5,0.25,0.02,0.3,1.2,8.0,0.2,3,25.0,5.0,1822.6396596912641,0.47070751037787495,3644.8086118721503,0.5021293325610315,500001.479,4.8410395978471294,618.2012905301226,4.656002298841711,33.553961863752505,3.221863650713066,18.18591427268735
