sample_id,capture_ms,result_ms,detected_count,camera_x,camera_y,camera_z,camera_qx,camera_qy,camera_qz,camera_qw,common_seen,common_x,common_y,common_z,common_qx,common_qy,common_qz,common_qw,chest_seen,chest_x,chest_y,chest_z,chest_qx,chest_qy,chest_qz,chest_qw,navel_seen,navel_x,navel_y,navel_z,navel_qx,navel_qy,navel_qz,navel_qw
0,12400,12522,3,-0.181096062,1.215739608,0.218673959,-0.374753177,0.141373545,0.123282604,0.907950997,1,-0.049915407,-0.112477556,-0.651454628,0.907726645,-0.056572843,-0.058507986,0.411592841,1,0.082278110,-0.130484015,-0.653620481,0.904727638,-0.044272970,-0.041033410,0.421692014,1,-0.001225391,-0.219633296,-0.540186822,0.916304350,-0.029118543,-0.023963975,0.398703098
1,12511,12647,3,-0.181119993,1.215473771,0.218710497,-0.374978453,0.141536668,0.123797357,0.907762468,1,-0.050136898,-0.112099990,-0.653577507,0.909403622,-0.058607802,-0.061183568,0.407193750,1,0.082415223,-0.130095169,-0.654179990,0.904123843,-0.045970697,-0.041293662,0.422778428,1,-0.001572102,-0.218700603,-0.538966775,0.914416671,-0.031340983,-0.028610094,0.402543604
2,12637,12758,3,-0.181051239,1.215456724,0.218916059,-0.375073820,0.141772404,0.123812340,0.907684267,1,-0.049773335,-0.111778483,-0.651758254,0.908339977,-0.058671430,-0.059849150,0.409748971,1,0.082911447,-0.130040810,-0.654112518,0.903666437,-0.046757460,-0.039865665,0.423805892,1,-0.001225246,-0.218919232,-0.539559066,0.915132701,-0.031440683,-0.028089602,0.400942147
3,12747,12883,3,-0.181349546,1.215354323,0.218739122,-0.375455499,0.142357141,0.123950049,0.907416105,1,-0.049109053,-0.111650646,-0.653811038,0.909192145,-0.058796342,-0.059380684,0.407905102,1,0.083371952,-0.129573107,-0.654206395,0.905996144,-0.044354130,-0.040515807,0.419001460,1,-0.000579800,-0.218495443,-0.539663076,0.915625095,-0.030932758,-0.027806938,0.399875820
4,12872,12993,3,-0.181753546,1.215295076,0.218613148,-0.375536710,0.142758653,0.124383867,0.907260060,1,-0.048357569,-0.111606792,-0.653150439,0.909501255,-0.059275951,-0.057679188,0.407390475,1,0.083514765,-0.129273370,-0.651081741,0.902964234,-0.046791639,-0.040937338,0.425194353,1,-0.000207063,-0.218620703,-0.539329708,0.915780962,-0.032460980,-0.027091529,0.399446607
5,12983,13118,3,-0.182146654,1.215370893,0.218298629,-0.375476986,0.142938644,0.124664553,0.907217920,1,-0.048135020,-0.111976519,-0.653300703,0.909829080,-0.060579248,-0.059095491,0.406262100,1,0.084154837,-0.130046040,-0.652362883,0.905063748,-0.046588384,-0.041689944,0.420655519,1,-0.000068258,-0.219011664,-0.539300203,0.915462136,-0.031492647,-0.023139104,0.400502056
6,13109,13229,3,-0.182539999,1.215462089,0.217903838,-0.375582576,0.143113419,0.124579005,0.907158375,1,-0.047581282,-0.111904442,-0.651728034,0.908893824,-0.060322270,-0.059282862,0.408361107,1,0.084439062,-0.130321875,-0.652312279,0.904791474,-0.046331938,-0.038846467,0.421540886,1,0.000448674,-0.219295308,-0.539414167,0.916100562,-0.030393830,-0.025578469,0.398975939
7,13219,13353,3,-0.182847977,1.215419650,0.217536122,-0.375741690,0.143277526,0.124404050,0.907090604,1,-0.047175102,-0.112029880,-0.651559114,0.908868313,-0.059801657,-0.059075505,0.408524513,1,0.084774800,-0.130179271,-0.651398361,0.904465318,-0.045946695,-0.040720753,0.422105700,1,0.000750322,-0.219319448,-0.539066911,0.916692019,-0.031011852,-0.022734787,0.397740126
8,13330,13467,3,-0.183046222,1.215443015,0.217501268,-0.375737190,0.143197045,0.124854781,0.907043278,1,-0.047374826,-0.112153009,-0.651811838,0.909325302,-0.060212273,-0.059063807,0.407447517,1,0.084796153,-0.130495399,-0.652638435,0.905254185,-0.045410380,-0.039684284,0.420568556,1,0.000592675,-0.219596133,-0.539149642,0.917885244,-0.031794224,-0.027206292,0.394633591
9,13455,13578,3,-0.183327794,1.215597272,0.217750803,-0.375654250,0.143580794,0.124952316,0.907003522,1,-0.046841420,-0.112673625,-0.654043615,0.911068559,-0.061285499,-0.058061875,0.403518289,1,0.085633293,-0.130677462,-0.653206408,0.905350864,-0.045622278,-0.040006667,0.420306921,1,0.001044899,-0.219671592,-0.538964570,0.915502906,-0.033123400,-0.024054991,0.400223225
10,13567,13703,3,-0.183275506,1.215502739,0.217851505,-0.376008540,0.144007906,0.124952860,0.906788886,1,-0.046238866,-0.111636400,-0.652022600,0.909309626,-0.060959358,-0.059294052,0.407337934,1,0.086054675,-0.130170062,-0.652213871,0.905247033,-0.046899706,-0.041531157,0.420242101,1,0.001606330,-0.219278798,-0.539646447,0.916723192,-0.031157997,-0.022776725,0.397654384
11,13678,13814,3,-0.183248311,1.215350151,0.217983782,-0.376198858,0.144090310,0.124810584,0.906716466,1,-0.045811959,-0.111163095,-0.651210189,0.908997715,-0.059741829,-0.059588440,0.408170700,1,0.086209550,-0.129712999,-0.652159810,0.904591799,-0.048715420,-0.041634906,0.421434492,1,0.001763586,-0.218608543,-0.539103925,0.915564060,-0.033509612,-0.027841678,0.399805427
12,13803,13925,3,-0.182949856,1.215208888,0.218080863,-0.376356095,0.144346654,0.124686450,0.906627536,1,-0.045719117,-0.110802650,-0.651373804,0.908007979,-0.060321901,-0.058775216,0.410400152,1,0.086772665,-0.129493788,-0.653905928,0.906113207,-0.045607802,-0.040413603,0.418623388,1,0.001885675,-0.218334079,-0.538792789,0.915452480,-0.034479212,-0.026041059,0.400099695
13,13914,14050,3,-0.182722345,1.215154052,0.218265891,-0.376417607,0.144295633,0.124621093,0.906619072,1,-0.045719773,-0.110396206,-0.650066555,0.907284200,-0.060509648,-0.059511196,0.411864579,1,0.086308859,-0.129237995,-0.653103411,0.905377746,-0.046339087,-0.039388042,0.420229077,1,0.001711726,-0.218298271,-0.539745808,0.916565239,-0.031270884,-0.023908576,0.397943109
14,14025,14161,3,-0.182679325,1.215222955,0.218227223,-0.376441419,0.144399434,0.124617659,0.906593144,1,-0.045698456,-0.110330194,-0.650183737,0.907225788,-0.060749717,-0.059544057,0.411953092,1,0.086540952,-0.129389524,-0.654230952,0.906033099,-0.046213713,-0.040019825,0.418768048,1,0.001748975,-0.218254060,-0.539855719,0.917097807,-0.031117858,-0.024413316,0.396695465
15,14150,14273,3,-0.182732388,1.215302229,0.218588442,-0.376483053,0.144308180,0.125179440,0.906512976,1,-0.046401523,-0.110465109,-0.653561473,0.910049260,-0.060640145,-0.059404600,0.405714512,1,0.085985534,-0.128977895,-0.653333724,0.905720174,-0.047123771,-0.041029029,0.419245631,1,0.001488376,-0.218126938,-0.540406287,0.915852070,-0.033176050,-0.024831910,0.399371684
16,14261,14397,3,-0.182919860,1.215541482,0.218772680,-0.376161605,0.144763947,0.125326172,0.906553507,1,-0.045566253,-0.110442251,-0.651426554,0.907649517,-0.062109690,-0.059305936,0.410849720,1,0.086473510,-0.129343078,-0.653662920,0.905481517,-0.046234753,-0.040468372,0.419914126,1,0.001680721,-0.218059286,-0.539795220,0.915827334,-0.032315731,-0.024581365,0.399514347
17,14386,14509,3,-0.183011025,1.215602875,0.219079167,-0.376352638,0.144989118,0.125408933,0.906426787,1,-0.045397498,-0.110558063,-0.654595673,0.910299838,-0.061608814,-0.058139276,0.405189365,1,0.087043151,-0.129056573,-0.653565288,0.905593634,-0.046857212,-0.042109247,0.419441730,1,0.001916543,-0.217601821,-0.539610207,0.916391790,-0.034441587,-0.023476927,0.398106486
18,14497,14634,3,-0.182899505,1.215779781,0.219289795,-0.376063049,0.144972622,0.125406012,0.906549990,1,-0.045338206,-0.110683739,-0.653541923,0.909243822,-0.062502809,-0.057689004,0.407481402,1,0.087148823,-0.129450575,-0.654477000,0.905964792,-0.046454474,-0.040822987,0.418811798,1,0.001863036,-0.217816308,-0.539671659,0.915119886,-0.033222470,-0.020567123,0.401284009
19,14622,14745,3,-0.182711929,1.216062784,0.219617784,-0.375782937,0.144948855,0.125176504,0.906701624,1,-0.045322914,-0.111037895,-0.654231191,0.908748209,-0.062196743,-0.058784358,0.408476025,1,0.086880095,-0.129537448,-0.653190434,0.903444052,-0.048748869,-0.040193636,0.424024671,1,0.002012279,-0.218324199,-0.540533304,0.915910542,-0.033144008,-0.021278169,0.399445295
20,14734,14870,3,-0.182746798,1.216234446,0.220047385,-0.375520825,0.145542577,0.125487581,0.906672120,1,-0.044507671,-0.111323982,-0.654582441,0.908762455,-0.062036838,-0.057465732,0.408656269,1,0.087392949,-0.130027533,-0.653687119,0.904770315,-0.049279504,-0.040946402,0.421052963,1,0.002598599,-0.218664333,-0.540612519,0.914189875,-0.034867857,-0.025220707,0.402995080
21,14858,14980,3,-0.182931438,1.216286778,0.220384344,-0.375312299,0.145573869,0.125495151,0.906752408,1,-0.044298843,-0.111329749,-0.654764891,0.908719778,-0.062642410,-0.056455337,0.408799589,1,0.087385431,-0.129882500,-0.652792692,0.904125512,-0.049863942,-0.040680997,0.422392875,1,0.002817839,-0.218865022,-0.541268289,0.914493680,-0.035107478,-0.027431067,0.402139723
22,14970,15106,3,-0.183007672,1.216235280,0.220942512,-0.375442564,0.146183208,0.125919133,0.906541646,1,-0.043776881,-0.110788628,-0.655490398,0.908781171,-0.063263327,-0.059979532,0.408064991,1,0.088558353,-0.129787251,-0.655061066,0.904019117,-0.050393235,-0.039310604,0.422687352,1,0.003135290,-0.217675015,-0.540876389,0.914823711,-0.034499519,-0.024363248,0.401638955
23,15094,15215,3,-0.182779402,1.216303229,0.221378565,-0.375249207,0.146318033,0.125762209,0.906621754,1,-0.043507349,-0.110834748,-0.654845834,0.908327520,-0.063442208,-0.057520539,0.409399033,1,0.088578686,-0.129548907,-0.653937280,0.902874112,-0.050078947,-0.039481167,0.425148994,1,0.003432650,-0.217672467,-0.541143537,0.914342344,-0.034890894,-0.024183014,0.402710706
24,15205,15342,3,-0.182780325,1.216091514,0.221724853,-0.375483900,0.146771774,0.126077101,0.906407416,1,-0.043033354,-0.109863415,-0.656126022,0.909681916,-0.064364716,-0.057235513,0.406275928,1,0.088773541,-0.128628924,-0.653957009,0.904715955,-0.049973678,-0.040918026,0.421090722,1,0.003823373,-0.217291430,-0.542024493,0.916809082,-0.035858337,-0.025135221,0.396917552
25,15317,15453,3,-0.182896093,1.215966225,0.221948236,-0.375391632,0.147117063,0.126266956,0.906363249,1,-0.042619616,-0.109537601,-0.654757082,0.909193277,-0.063337415,-0.059032030,0.407272935,1,0.089942738,-0.129152894,-0.657469571,0.905503750,-0.049502775,-0.039719030,0.419565052,1,0.003961839,-0.217503533,-0.543129981,0.915894985,-0.034383874,-0.021255007,0.399377525
26,15442,15563,3,-0.182889104,1.215870619,0.222319528,-0.375466764,0.146985874,0.126476407,0.906324208,1,-0.042749412,-0.109079286,-0.654999316,0.908272147,-0.064630553,-0.057780299,0.409299463,1,0.089587979,-0.128709465,-0.656072021,0.903915823,-0.051260907,-0.039368901,0.422798574,1,0.003847942,-0.216948524,-0.542585015,0.915041745,-0.036085796,-0.024866978,0.400971383
27,15553,15675,3,-0.182863995,1.215924978,0.222784191,-0.375343144,0.147332057,0.126671836,0.906291902,1,-0.042376880,-0.109416783,-0.657084644,0.909262478,-0.064273052,-0.056941930,0.407269418,1,0.090110548,-0.128801018,-0.657034993,0.904655695,-0.050851405,-0.037619088,0.421422720,1,0.004123461,-0.217194915,-0.543247879,0.915852904,-0.036059607,-0.024378372,0.399147719
28,15664,15800,3,-0.182912156,1.216038465,0.223097876,-0.375236839,0.147399247,0.126622483,0.906331897,1,-0.042075496,-0.109358609,-0.656910121,0.909119964,-0.065167472,-0.056823775,0.407461882,1,0.090464309,-0.129081175,-0.658155382,0.904937088,-0.051220834,-0.037798434,0.420757174,1,0.004286792,-0.216782004,-0.542603552,0.914934397,-0.036254466,-0.025719807,0.401147366
29,15788,15912,3,-0.182963401,1.216076851,0.223542377,-0.375064373,0.147588789,0.126764491,0.906352580,1,-0.041751359,-0.109137848,-0.656325877,0.908267856,-0.066459320,-0.054949526,0.409405947,1,0.090296693,-0.128695995,-0.656901598,0.903563261,-0.052199319,-0.038816266,0.423487842,1,0.004744358,-0.216406271,-0.542404592,0.914217591,-0.037843119,-0.025051527,0.402674228
30,15900,16036,3,-0.183013216,1.216128707,0.223653197,-0.375249147,0.147688270,0.126535609,0.906291902,1,-0.041309439,-0.108712405,-0.656039834,0.908488035,-0.064158402,-0.057199966,0.408975929,1,0.090538591,-0.128238320,-0.655766904,0.902979255,-0.051851407,-0.038503218,0.424802810,1,0.004971396,-0.216480121,-0.543137372,0.916470408,-0.036541373,-0.025229480,0.397630781
31,16011,16148,3,-0.183152616,1.215984344,0.223822147,-0.375448495,0.147631988,0.126780793,0.906184256,1,-0.041371688,-0.108303905,-0.656131387,0.908491492,-0.064329825,-0.058681492,0.408731401,1,0.090899058,-0.127851978,-0.657777846,0.905183077,-0.049789328,-0.038604222,0.420326471,1,0.004956495,-0.216039822,-0.543152153,0.916067660,-0.035989445,-0.023647062,0.398704946
32,16137,16257,3,-0.183227062,1.216057777,0.223956078,-0.375366867,0.147613868,0.126845688,0.906211913,1,-0.041496757,-0.108528972,-0.656738937,0.908867240,-0.064777166,-0.057759970,0.407956004,1,0.090290740,-0.127841100,-0.656175375,0.905051947,-0.049815666,-0.038583927,0.420607477,1,0.004837990,-0.215855509,-0.542589962,0.915796757,-0.036167547,-0.023702845,0.399307400
33,16247,16383,3,-0.183304608,1.216217875,0.223908931,-0.375167102,0.147703156,0.126864165,0.906277478,1,-0.041350439,-0.108814612,-0.656173050,0.908302009,-0.064181395,-0.056869637,0.409431428,1,0.090452589,-0.128310099,-0.655613184,0.902558982,-0.052339930,-0.039348736,0.425557882,1,0.004925497,-0.216391593,-0.543110788,0.914189517,-0.036023691,-0.022276886,0.403067678
34,16375,16494,3,-0.183519632,1.216331482,0.223881260,-0.375143141,0.148070425,0.126764834,0.906241357,1,-0.040804267,-0.109234765,-0.656506479,0.908344269,-0.065364175,-0.056901053,0.409146100,1,0.091563277,-0.128975555,-0.657737613,0.904973924,-0.050849073,-0.039246727,0.420590401,1,0.005292799,-0.217290923,-0.544171751,0.915771365,-0.037975833,-0.025219973,0.399104744
35,16484,16618,3,-0.183554679,1.216224432,0.223480493,-0.375468999,0.148177698,0.127209172,0.906026602,1,-0.040957440,-0.108924165,-0.657962680,0.909628153,-0.063817799,-0.059673175,0.406131744,1,0.091360316,-0.128446296,-0.656551898,0.903725445,-0.052898426,-0.038410675,0.423091799,1,0.005182199,-0.216707036,-0.543969393,0.916707337,-0.037241369,-0.024028379,0.397093773
36,16608,16729,3,-0.183310390,1.216068864,0.223095670,-0.375960112,0.148247704,0.126677155,0.905886054,1,-0.040669061,-0.108532667,-0.657593727,0.909971178,-0.065445624,-0.056053549,0.405619711,1,0.091596797,-0.127935797,-0.657161832,0.906144798,-0.051363621,-0.038791433,0.418041378,1,0.005670756,-0.216243073,-0.543573141,0.916647315,-0.036047671,-0.020338617,0.397548258
37,16719,16855,3,-0.183028743,1.215890288,0.222869903,-0.376343995,0.147533879,0.125880480,0.905954242,1,-0.041214608,-0.108197019,-0.656908274,0.909100175,-0.063546784,-0.058384076,0.407541424,1,0.091117799,-0.127255484,-0.656185329,0.904780209,-0.050879493,-0.038318228,0.421088874,1,0.005268324,-0.216196522,-0.543727934,0.916631579,-0.035504013,-0.023440655,0.397462666
38,16844,16966,3,-0.183102995,1.216102362,0.222943991,-0.375851154,0.147438034,0.126002476,0.906157434,1,-0.041376196,-0.108861014,-0.656237245,0.908901155,-0.064173944,-0.055639215,0.408270359,1,0.090486035,-0.127998576,-0.655952156,0.905260801,-0.049038220,-0.039398134,0.420173675,1,0.004945260,-0.216799900,-0.543152153,0.915798903,-0.036224484,-0.022582211,0.399362206
39,16956,17078,3,-0.183476478,1.216285467,0.222987652,-0.375527799,0.148059040,0.126365691,0.906139672,1,-0.040782962,-0.109597102,-0.656951725,0.909801543,-0.064705364,-0.057127003,0.405969113,1,0.091699265,-0.129138276,-0.657790720,0.905259430,-0.051103171,-0.038114019,0.420049071,1,0.005574383,-0.217310771,-0.543286681,0.916305721,-0.035930801,-0.023398362,0.398177564
40,17067,17203,3,-0.183675021,1.216285944,0.222785071,-0.375968188,0.148000732,0.126228914,0.905985653,1,-0.040549912,-0.109146461,-0.657406569,0.909809351,-0.065341420,-0.054663058,0.406188816,1,0.091337569,-0.128115803,-0.654362619,0.902799308,-0.051774587,-0.037980266,0.425241441,1,0.005761094,-0.216374949,-0.541876078,0.914353251,-0.036849111,-0.022993956,0.402581185
41,17178,17314,3,-0.184042320,1.216129065,0.222660571,-0.376572788,0.148359820,0.126365244,0.905656755,1,-0.039685220,-0.108391792,-0.656899095,0.909804702,-0.064191043,-0.058005478,0.405919105,1,0.092717066,-0.127742365,-0.656727493,0.906386733,-0.051589124,-0.038195446,0.417543709,1,0.006453019,-0.216097519,-0.542691827,0.917520881,-0.037239999,-0.024578387,0.395176500
42,17303,17424,3,-0.184587657,1.216216683,0.222960055,-0.376513004,0.149092868,0.126409143,0.905555069,1,-0.038368352,-0.108519152,-0.657517493,0.909955144,-0.064756095,-0.056980390,0.405637175,1,0.093987525,-0.127968073,-0.656949282,0.906478763,-0.051948898,-0.038623590,0.417259842,1,0.007532567,-0.216401026,-0.543251455,0.917842150,-0.037865866,-0.023948791,0.394408911
43,17413,17550,3,-0.184950531,1.216207266,0.223037466,-0.376383096,0.149256691,0.126205534,0.905610502,1,-0.037777063,-0.108892858,-0.658038080,0.910511076,-0.065397069,-0.054307118,0.404652327,1,0.094043776,-0.127851069,-0.654105127,0.903135240,-0.053217962,-0.036569800,0.424472898,1,0.008233387,-0.216017559,-0.541724503,0.914437592,-0.039264571,-0.024270248,0.402086049
44,17525,17660,3,-0.185185850,1.216303229,0.223183751,-0.376129657,0.149149254,0.126111791,0.905746579,1,-0.037681580,-0.109150440,-0.656072021,0.908733964,-0.066781230,-0.052514784,0.408638000,1,0.094229013,-0.128395945,-0.655013204,0.903482556,-0.051715974,-0.037049714,0.423877418,1,0.008226056,-0.216600224,-0.542031348,0.914440572,-0.037215978,-0.020923810,0.402461916
45,17650,17786,3,-0.185421243,1.216565728,0.223407388,-0.375765175,0.148898154,0.126368657,0.905903339,1,-0.038038943,-0.109942690,-0.658472002,0.910353661,-0.065505318,-0.057273105,0.404580086,1,0.094362959,-0.129262656,-0.657074153,0.905686080,-0.052222349,-0.038931124,0.418915182,1,0.008191358,-0.217243180,-0.542769790,0.917105258,-0.037482660,-0.024646102,0.396113038
46,17761,17897,3,-0.185614064,1.216761947,0.223464668,-0.375663280,0.148897260,0.126438349,0.905936003,1,-0.038023550,-0.110232145,-0.658866823,0.910664320,-0.065226868,-0.057434205,0.403902531,1,0.094344303,-0.129387096,-0.656916142,0.905899942,-0.051902629,-0.039415728,0.418446898,1,0.008194424,-0.217424870,-0.542927206,0.917333186,-0.037221927,-0.023170911,0.395698756
47,17886,18009,3,-0.185791627,1.216871023,0.223245814,-0.375732839,0.148780480,0.126670823,0.905893862,1,-0.038123600,-0.110001817,-0.658611715,0.910636306,-0.065026335,-0.058641348,0.403824538,1,0.094286248,-0.129314899,-0.656762540,0.906098425,-0.052098896,-0.038917955,0.418039113,1,0.008177873,-0.217590079,-0.543339252,0.917800963,-0.037703138,-0.025314843,0.394435048
48,17998,18133,3,-0.185849205,1.216849208,0.223124161,-0.375774920,0.148985818,0.127056599,0.905788660,1,-0.037826739,-0.109777644,-0.657674849,0.909814477,-0.066855505,-0.055632871,0.405799180,1,0.094345570,-0.129165858,-0.656253397,0.905636370,-0.052352354,-0.039274227,0.418974489,1,0.008193295,-0.216960475,-0.542012095,0.916805387,-0.037686519,-0.023013689,0.396885335
49,18108,18244,3,-0.186062381,1.216824532,0.223249108,-0.375945508,0.149790451,0.127207160,0.905564010,1,-0.036851294,-0.109710261,-0.657436490,0.909722865,-0.065854900,-0.057343949,0.405930012,1,0.095481545,-0.129413202,-0.655886769,0.904304802,-0.054642886,-0.039325859,0.421545446,1,0.008983012,-0.217963055,-0.544158340,0.918255031,-0.038258508,-0.023076957,0.393460840
50,18234,18356,3,-0.186413214,1.216670632,0.223173335,-0.375886619,0.149871379,0.127511531,0.905532241,1,-0.036785413,-0.109816730,-0.658162177,0.910131276,-0.066705391,-0.056638278,0.404973477,1,0.095461920,-0.129410684,-0.655644298,0.904284239,-0.054593571,-0.039315067,0.421596825,1,0.009027861,-0.218025878,-0.544315159,0.918415368,-0.038475681,-0.023095053,0.393064171
51,18345,18480,3,-0.186641544,1.216722012,0.223350540,-0.375750631,0.150149450,0.127866387,0.905492604,1,-0.036528572,-0.109942704,-0.658330619,0.909906864,-0.067115128,-0.058579985,0.405133873,1,0.095612571,-0.129649878,-0.655764639,0.903211296,-0.054524880,-0.037591577,0.424055785,1,0.009055324,-0.217308521,-0.541937351,0.914913893,-0.040572383,-0.023318054,0.400927275
52,18456,18591,3,-0.186713174,1.216897130,0.223431706,-0.375550002,0.150059968,0.128041685,0.905565858,1,-0.036707565,-0.110332146,-0.658182204,0.910029531,-0.066758670,-0.058040727,0.404994875,1,0.095721856,-0.130389139,-0.657232523,0.905201972,-0.054241098,-0.039541662,0.419647127,1,0.008777853,-0.218145266,-0.543361187,0.915334642,-0.039854117,-0.023065113,0.400052786
53,18580,18716,3,-0.186486572,1.217072964,0.223543659,-0.375428915,0.149964094,0.128106907,0.905622721,1,-0.036800783,-0.110170692,-0.658318341,0.909570575,-0.066392556,-0.059353217,0.405894786,1,0.095482960,-0.130047649,-0.656846762,0.903966665,-0.054607872,-0.039538886,0.422254622,1,0.008687396,-0.217987731,-0.543266118,0.915383816,-0.039706584,-0.023800181,0.399911731
54,18705,18828,3,-0.186359227,1.216937184,0.223767459,-0.375834554,0.149869099,0.127726808,0.905523896,1,-0.036563314,-0.109319031,-0.656909943,0.909027457,-0.068606310,-0.055810686,0.407243699,1,0.095775276,-0.129373953,-0.657772660,0.906131923,-0.053033099,-0.040061045,0.417740941,1,0.008928970,-0.217304736,-0.543838859,0.916086435,-0.038509704,-0.021827796,0.398530036
55,18816,18952,3,-0.186360210,1.216718435,0.224228039,-0.375949234,0.150193989,0.127696440,0.905426741,1,-0.035995003,-0.108728409,-0.657155395,0.908789098,-0.067537747,-0.056090072,0.407915413,1,0.095814392,-0.128616646,-0.655623972,0.904189229,-0.052128688,-0.039306749,0.422113091,1,0.009516180,-0.216465041,-0.542676091,0.914845347,-0.040066872,-0.024185559,0.401083142
56,18942,19062,3,-0.186477199,1.216724873,0.224655882,-0.375651300,0.150358662,0.127604276,0.905536056,1,-0.035483759,-0.109244943,-0.657590508,0.909085989,-0.067324892,-0.057646148,0.407071203,1,0.096161887,-0.128826156,-0.655736089,0.904986680,-0.051921096,-0.041391123,0.420226336,1,0.009826958,-0.216940165,-0.543498695,0.915303528,-0.040091746,-0.023623673,0.400067538
57,19052,19175,3,-0.186573103,1.216647506,0.224757016,-0.375643224,0.150112465,0.127802625,0.905552268,1,-0.035942782,-0.108732849,-0.657751501,0.908662498,-0.067337088,-0.057112083,0.408088744,1,0.095931336,-0.128662616,-0.656928658,0.903690219,-0.053125493,-0.037903834,0.423184454,1,0.009532761,-0.216326877,-0.542779922,0.914653838,-0.040225904,-0.025216449,0.401440352
58,19164,19299,3,-0.186527416,1.216821671,0.225006998,-0.375369161,0.150083825,0.127771541,0.905675054,1,-0.036037400,-0.109247833,-0.657621503,0.909008741,-0.068533242,-0.055731267,0.407308698,1,0.096038386,-0.129244640,-0.657928944,0.905572593,-0.052272085,-0.038330019,0.419209659,1,0.009519473,-0.216664314,-0.543075025,0.914488137,-0.039981257,-0.023827597,0.401926786
59,19275,19410,3,-0.186453044,1.217022896,0.225155160,-0.375130296,0.150113404,0.127832875,0.905760467,1,-0.036297373,-0.109644979,-0.658316851,0.908741474,-0.067590728,-0.057417233,0.407828093,1,0.095544651,-0.129400581,-0.655814528,0.903348863,-0.055316899,-0.040183410,0.423421979,1,0.009438708,-0.217103049,-0.543634117,0.915263653,-0.038483743,-0.021600362,0.400430828
60,19399,19536,3,-0.186360970,1.217170119,0.225246355,-0.375226289,0.149696216,0.127385169,0.905852795,1,-0.036426898,-0.109724134,-0.658902228,0.909264863,-0.067210034,-0.057661068,0.406688362,1,0.095601484,-0.129429623,-0.656601846,0.903683186,-0.055202387,-0.039854132,0.422754169,1,0.009390205,-0.217276841,-0.544047296,0.915259898,-0.038541771,-0.023946011,0.400300384
61,19511,19647,3,-0.186418280,1.217349887,0.225489318,-0.375072747,0.149647474,0.128105417,0.905822873,1,-0.036752734,-0.109703839,-0.658877850,0.909059167,-0.067352027,-0.057853606,0.407097131,1,0.095216006,-0.129383534,-0.656173766,0.903449059,-0.054982442,-0.041899975,0.423085272,1,0.008971747,-0.217518255,-0.544834137,0.916248143,-0.039781105,-0.024875153,0.397854358
62,19636,19772,3,-0.186552286,1.217695117,0.225895032,-0.374411613,0.149929285,0.128027394,0.906060755,1,-0.036217991,-0.110342160,-0.657993615,0.907756746,-0.069221735,-0.057617225,0.409714907,1,0.095989510,-0.130573317,-0.659150004,0.904572129,-0.053143241,-0.040407106,0.421060979,1,0.009261779,-0.218525603,-0.545280099,0.917374432,-0.039820585,-0.024720391,0.395256132
63,19747,19883,3,-0.186686546,1.217719674,0.226347521,-0.374496937,0.149982765,0.128318712,0.905975461,1,-0.036120031,-0.110015407,-0.658624649,0.908068001,-0.067954570,-0.059148170,0.409018517,1,0.095678970,-0.130130678,-0.656743526,0.901117206,-0.056636158,-0.038762711,0.428109348,1,0.009430658,-0.217991143,-0.545603693,0.916404128,-0.038868293,-0.023611192,0.397662193
64,19873,19994,3,-0.186884224,1.217911243,0.226849645,-0.373918474,0.150205374,0.128630921,0.906133175,1,-0.035610929,-0.110620037,-0.659261167,0.907509685,-0.069054484,-0.057513319,0.410304606,1,0.096254647,-0.130903840,-0.659530401,0.905400693,-0.053574026,-0.041431148,0.419121474,1,0.009565704,-0.217469856,-0.543130219,0.913205624,-0.041340575,-0.026453327,0.404532671
65,19983,20119,3,-0.187153682,1.218111753,0.227013320,-0.373646289,0.150376499,0.128737614,0.906201959,1,-0.035316505,-0.110990167,-0.660021365,0.908298373,-0.068101600,-0.057253517,0.408752084,1,0.095877677,-0.130605236,-0.656062603,0.902297676,-0.056642320,-0.042157795,0.425292045,1,0.009890921,-0.217829928,-0.543821037,0.913128734,-0.041928019,-0.027329603,0.404587448
66,20109,20231,3,-0.187355235,1.217905998,0.227268144,-0.374134868,0.150935084,0.128739417,0.905907214,1,-0.034260690,-0.110000774,-0.658653319,0.907499969,-0.068750605,-0.059143968,0.410145313,1,0.097607076,-0.130495533,-0.659665287,0.904237211,-0.054400381,-0.038374349,0.421809226,1,0.010713663,-0.217987388,-0.545959473,0.916229188,-0.039620832,-0.024558935,0.397933543
67,20219,20342,3,-0.187327087,1.217882752,0.227449834,-0.374044120,0.150467351,0.128285080,0.906086922,1,-0.034581833,-0.110420138,-0.659554064,0.907647312,-0.069601417,-0.057263292,0.409942597,1,0.097483665,-0.130533531,-0.659942448,0.904256880,-0.053658891,-0.039563645,0.421752334,1,0.010494221,-0.218280092,-0.546446621,0.916614056,-0.038725059,-0.022706918,0.397244811
68,20330,20467,3,-0.187209755,1.217931032,0.227737308,-0.374023765,0.150539696,0.128173590,0.906099081,1,-0.034564279,-0.110249907,-0.659934163,0.907969475,-0.069054298,-0.057321768,0.409313053,1,0.097209558,-0.130307093,-0.657663643,0.901059091,-0.056755498,-0.038997825,0.428194493,1,0.010645602,-0.218064800,-0.546264529,0.916480362,-0.039302994,-0.024041178,0.397418022
69,20456,20578,3,-0.187196076,1.217994213,0.227890462,-0.373706520,0.150576085,0.128171459,0.906224251,1,-0.034403019,-0.110723287,-0.659897923,0.907571495,-0.069016859,-0.056169711,0.410360366,1,0.097645581,-0.130831152,-0.660498321,0.904712677,-0.053069610,-0.040331114,0.420775563,1,0.010713328,-0.218348727,-0.546193659,0.916123390,-0.039095759,-0.024900941,0.398207754
70,20566,20703,3,-0.187435046,1.217961192,0.227904111,-0.373856485,0.150827363,0.128672168,0.906049609,1,-0.034300629,-0.110234186,-0.658820808,0.906867683,-0.069571592,-0.058291592,0.411525130,1,0.097735494,-0.130684659,-0.660508990,0.904273152,-0.054208972,-0.038432252,0.421751648,1,0.010678314,-0.218373001,-0.546806514,0.916606367,-0.039096452,-0.022999948,0.397209346
71,20678,20814,3,-0.187667847,1.217993379,0.227814853,-0.373749465,0.150613904,0.128979117,0.906085610,1,-0.034609042,-0.110435188,-0.659055293,0.907492340,-0.069687530,-0.057729326,0.410205632,1,0.097016513,-0.130673423,-0.657723248,0.902313888,-0.057050355,-0.041042417,0.425312251,1,0.010402191,-0.218473122,-0.546507776,0.915669382,-0.040291131,-0.023317425,0.399227470
72,20788,20924,3,-0.187854961,1.218047500,0.227578595,-0.373802155,0.150003418,0.129474252,0.906094551,1,-0.035433479,-0.110185862,-0.658441484,0.906837523,-0.069457643,-0.060658731,0.411268562,1,0.096380934,-0.130701020,-0.660170257,0.904319465,-0.054019619,-0.040552896,0.421478003,1,0.009718582,-0.217845455,-0.545170367,0.915248573,-0.039404500,-0.021883069,0.400360405
73,20914,21049,3,-0.188155174,1.217958689,0.227526352,-0.374090403,0.150254995,0.129897699,0.905873299,1,-0.035245612,-0.110229105,-0.659748435,0.908367395,-0.069642991,-0.059606355,0.408002049,1,0.096363679,-0.130433440,-0.658774912,0.903968632,-0.054693297,-0.041172069,0.422083318,1,0.009915233,-0.217660561,-0.544880331,0.914858639,-0.039822303,-0.023958758,0.401090801
74,21039,21160,3,-0.188377097,1.218118668,0.227504879,-0.373670340,0.150173128,0.130078360,0.906034291,1,-0.035168801,-0.111080498,-0.661023617,0.908825040,-0.070189536,-0.058720823,0.407016426,1,0.096777320,-0.131430805,-0.659250677,0.904187322,-0.056810915,-0.041844819,0.421268165,1,0.009926595,-0.218139812,-0.544322610,0.914261580,-0.041444503,-0.025960386,0.402161926
75,21149,21285,3,-0.188483506,1.218085170,0.227194607,-0.373722047,0.150525182,0.129634619,0.906018138,1,-0.034384854,-0.111276954,-0.659838080,0.908565044,-0.068207376,-0.056906726,0.408189923,1,0.097564578,-0.131716415,-0.659270465,0.903652728,-0.055200100,-0.040350746,0.422772467,1,0.010606404,-0.219173566,-0.546156764,0.916919827,-0.040162817,-0.023803534,0.396331161
76,21261,21396,3,-0.188661218,1.217975020,0.226986960,-0.373965710,0.150733858,0.129138142,0.905953825,1,-0.033935644,-0.111249253,-0.659897566,0.908944845,-0.068283796,-0.056433443,0.407396466,1,0.098452285,-0.131722718,-0.659800649,0.904872775,-0.056006704,-0.039585736,0.420120835,1,0.011185899,-0.218649372,-0.545037687,0.916362941,-0.040475022,-0.021076217,0.397739321
77,21385,21508,3,-0.188725397,1.217765689,0.226535305,-0.374255419,0.150443211,0.129167482,0.905878305,1,-0.034160037,-0.110904247,-0.658744395,0.908696532,-0.068390571,-0.058160190,0.407689542,1,0.097320512,-0.130933598,-0.657119632,0.903785169,-0.056063298,-0.040823743,0.422330022,1,0.010874078,-0.218282804,-0.544147491,0.914948404,-0.039808489,-0.024434736,0.400858581
78,21497,21632,3,-0.188944608,1.217693210,0.226342976,-0.374313295,0.150225148,0.129619300,0.905826032,1,-0.034683108,-0.110883534,-0.658428788,0.908686757,-0.069789484,-0.055896387,0.407790869,1,0.097120389,-0.131163701,-0.657456636,0.903655410,-0.055962160,-0.041646104,0.422540843,1,0.010424327,-0.219100162,-0.545879304,0.917866170,-0.040313933,-0.024247667,0.394092143
79,21621,21744,3,-0.189363763,1.217687130,0.225760862,-0.374342710,0.150303453,0.130007461,0.905745268,1,-0.034857273,-0.111163333,-0.657490253,0.908084095,-0.069172323,-0.056690276,0.409126818,1,0.097293630,-0.131982982,-0.658814490,0.905289829,-0.054817062,-0.041113578,0.419231594,1,0.010188557,-0.219548419,-0.544635832,0.916131556,-0.042085752,-0.023156932,0.397989303
80,21733,21868,3,-0.189648315,1.217896104,0.225429982,-0.373816013,0.150449127,0.130282044,0.905899107,1,-0.034758031,-0.112183526,-0.657234609,0.908333182,-0.069654010,-0.057007078,0.408447474,1,0.097192824,-0.132831439,-0.657651663,0.903791487,-0.055373006,-0.039908882,0.422495037,1,0.010145877,-0.220226541,-0.544157028,0.915693581,-0.042495787,-0.023164490,0.398952156
81,21844,21980,3,-0.189885244,1.218050480,0.225097269,-0.373684615,0.150792450,0.130592942,0.905851483,1,-0.034398999,-0.112653151,-0.657372296,0.907595932,-0.069283597,-0.058435544,0.409944803,1,0.097407416,-0.133516550,-0.657566786,0.905274034,-0.054680765,-0.042399585,0.419155329,1,0.010336317,-0.220357582,-0.543290317,0.914986610,-0.041956440,-0.022840859,0.400646389
82,21969,22091,3,-0.190096751,1.217878938,0.224731684,-0.373977602,0.151007548,0.130783990,0.905667186,1,-0.034144882,-0.112374887,-0.657685280,0.908804297,-0.069323793,-0.059215810,0.407139361,1,0.097290948,-0.132836759,-0.656070054,0.903963029,-0.056472056,-0.040049493,0.421968877,1,0.010484196,-0.220068485,-0.542897224,0.914469481,-0.042114887,-0.022651538,0.401819408
83,22080,22217,3,-0.190239146,1.217775345,0.224490389,-0.374141067,0.151114389,0.130819529,0.905576706,1,-0.034060027,-0.112475842,-0.658888042,0.909876823,-0.069459423,-0.058452666,0.404824406,1,0.097920865,-0.133037433,-0.657154381,0.905006111,-0.056469474,-0.040776599,0.419657558,1,0.010608219,-0.219793990,-0.542258084,0.913974285,-0.042143967,-0.024802549,0.402814746
84,22205,22328,3,-0.189957708,1.217692733,0.224316537,-0.374114960,0.150449038,0.130546242,0.905737698,1,-0.035053201,-0.112322196,-0.657825649,0.909389734,-0.069675349,-0.057557344,0.406008452,1,0.096902162,-0.132869378,-0.656567514,0.904146552,-0.056050964,-0.041925739,0.421449423,1,0.009858556,-0.220126778,-0.543011606,0.914543986,-0.041831356,-0.025358424,0.401517600
85,22316,22439,3,-0.189726815,1.217717171,0.224246293,-0.374285519,0.150015533,0.130335987,0.905769408,1,-0.035502974,-0.112114936,-0.656783581,0.908553839,-0.068097591,-0.058779147,0.407967687,1,0.095818102,-0.132287458,-0.654981434,0.903566182,-0.055730965,-0.041010730,0.422824234,1,0.009565510,-0.219586521,-0.541831136,0.912926435,-0.041881692,-0.026059311,0.405132324
86,22428,22564,3,-0.189772218,1.217813969,0.224350870,-0.373881042,0.149884850,0.130804688,0.905890524,1,-0.036051326,-0.112376735,-0.656163216,0.907386780,-0.069216229,-0.058419138,0.410421193,1,0.096008420,-0.133451432,-0.657809973,0.905296028,-0.054072276,-0.041981023,0.419228882,1,0.009206098,-0.220707253,-0.543961704,0.915976703,-0.041527931,-0.024632372,0.398315698
87,22552,22675,3,-0.189839154,1.217832923,0.224598840,-0.373792797,0.150160164,0.130643517,0.905904591,1,-0.035398047,-0.112714142,-0.658044636,0.908630908,-0.069645092,-0.058836713,0.407526344,1,0.097055346,-0.133563429,-0.658277571,0.905660570,-0.053963572,-0.042765044,0.418375403,1,0.009819649,-0.220280617,-0.543050766,0.915081024,-0.041239142,-0.024568878,0.400402874
88,22663,22800,3,-0.189869151,1.217820525,0.224889234,-0.373931497,0.150125369,0.130598456,0.905859649,1,-0.035283476,-0.112443507,-0.658611596,0.909657121,-0.069290109,-0.058480117,0.405342937,1,0.096924201,-0.133014560,-0.657471418,0.904585600,-0.055420261,-0.042970005,0.420484334,1,0.009867113,-0.220097288,-0.543214738,0.914481103,-0.041575406,-0.025196813,0.401697576
89,22775,22911,3,-0.190003797,1.217669010,0.225287050,-0.374017775,0.150571182,0.130505711,0.905763388,1,-0.034171067,-0.111754358,-0.656556368,0.907785714,-0.069079719,-0.059412658,0.409418136,1,0.097304091,-0.132407337,-0.656604469,0.903623343,-0.056640942,-0.040465079,0.422633737,1,0.010580696,-0.219351843,-0.542685211,0.915054083,-0.041898470,-0.025699859,0.400325060
90,22900,23038,3,-0.190274969,1.217793107,0.225788981,-0.373609602,0.150621086,0.130594552,0.905910730,1,-0.034075107,-0.112399355,-0.658425748,0.908541441,-0.068813860,-0.058025628,0.407983065,1,0.097494856,-0.132871971,-0.657345951,0.903669953,-0.055674646,-0.039313085,0.422771156,1,0.010721073,-0.219413191,-0.542255998,0.912962437,-0.043071199,-0.028056171,0.404792935
91,23025,23147,3,-0.190218821,1.217763543,0.226376504,-0.373739868,0.150235757,0.130445570,0.905942440,1,-0.034107260,-0.111611500,-0.657647669,0.907141030,-0.069249235,-0.058393542,0.410962135,1,0.097375065,-0.132328361,-0.656997561,0.903283238,-0.056810517,-0.040629532,0.423321664,1,0.010812733,-0.219034657,-0.543338954,0.914410353,-0.041116178,-0.025613226,0.401879489
92,23136,23258,3,-0.190128252,1.217859983,0.226821795,-0.373648077,0.149870723,0.129957139,0.906110942,1,-0.034143310,-0.111727521,-0.657877505,0.907538772,-0.068130612,-0.057937421,0.410335064,1,0.097331241,-0.132218361,-0.657186627,0.902839959,-0.056679938,-0.040483095,0.424297780,1,0.010975111,-0.219239309,-0.543879211,0.914412558,-0.040954612,-0.026766868,0.401815772
93,23247,23383,3,-0.190040588,1.218149662,0.227471307,-0.373199791,0.149877250,0.129901126,0.906302631,1,-0.034142889,-0.112267122,-0.659059465,0.907839477,-0.068202123,-0.057363875,0.409738183,1,0.097575098,-0.132808626,-0.658686519,0.903007865,-0.056235958,-0.041053213,0.423944473,1,0.010957111,-0.219290063,-0.544014871,0.914604783,-0.040893290,-0.026837615,0.401379526
94,23357,23495,3,-0.189751655,1.218140364,0.227706864,-0.373163581,0.149474472,0.129375085,0.906459272,1,-0.034256898,-0.111915067,-0.657812297,0.906470180,-0.067461751,-0.056943886,0.412938446,1,0.097414777,-0.132524028,-0.658308625,0.902619600,-0.056107894,-0.042115923,0.424683452,1,0.010924112,-0.219124570,-0.543805540,0.913393557,-0.040910486,-0.028151309,0.404037207
95,23483,23620,3,-0.189432010,1.218020082,0.227965593,-0.373600155,0.148829535,0.128893569,0.906454146,1,-0.035169486,-0.111442149,-0.660802722,0.908805847,-0.067314297,-0.058663059,0.407552987,1,0.096465975,-0.131083399,-0.657799125,0.903296351,-0.054456819,-0.044542432,0.423209310,1,0.010592464,-0.219081193,-0.546055198,0.916137636,-0.040684517,-0.027588351,0.397838503
96,23594,23731,3,-0.188960865,1.218126416,0.228394344,-0.373400509,0.148342475,0.128547460,0.906665385,1,-0.035751011,-0.111036941,-0.658476353,0.907104552,-0.066104703,-0.057305135,0.411713064,1,0.096183151,-0.131087124,-0.659307718,0.902691901,-0.054458212,-0.041112531,0.424842864,1,0.010063857,-0.218482882,-0.545230687,0.913587928,-0.038638491,-0.022966193,0.404149383
97,23719,23855,3,-0.188526899,1.218504310,0.228953004,-0.373088896,0.148087978,0.128382191,0.906858683,1,-0.036289196,-0.111942112,-0.661985874,0.908701718,-0.066250540,-0.060761910,0.407651842,1,0.095447376,-0.131507605,-0.658793807,0.902968228,-0.052766506,-0.042947318,0.424287230,1,0.009616490,-0.218509272,-0.545004368,0.912373781,-0.037548814,-0.025894161,0.406809121
98,23830,23965,3,-0.188661128,1.218801975,0.229166746,-0.372544289,0.148166493,0.128582671,0.907041311,1,-0.036144786,-0.112288684,-0.660994291,0.907820582,-0.066340871,-0.058888126,0.409869432,1,0.095378608,-0.131825849,-0.658882618,0.902644575,-0.051772665,-0.043519340,0.425039381,1,0.009639524,-0.219020471,-0.545410872,0.914249659,-0.037869129,-0.026982933,0.402474195
99,23955,24092,3,-0.188840091,1.218859553,0.229551107,-0.372399420,0.148430184,0.129178300,0.906973064,1,-0.035965543,-0.112077937,-0.660346448,0.906633675,-0.067326196,-0.058444932,0.412391514,1,0.096170262,-0.132397607,-0.661574185,0.903486788,-0.053479891,-0.042622935,0.423125118,1,0.009692639,-0.218937561,-0.545460284,0.914380848,-0.038703356,-0.026778059,0.402110279
100,24066,24203,3,-0.188740864,1.219153047,0.229773730,-0.372067839,0.148122638,0.129136264,0.907165408,1,-0.036251530,-0.112469643,-0.662157893,0.908028543,-0.066786222,-0.058744118,0.409356654,1,0.095639929,-0.132521674,-0.661773086,0.904005885,-0.051834635,-0.044486310,0.422027856,1,0.009596076,-0.219849303,-0.547352970,0.916155934,-0.038657464,-0.026756885,0.398055255
101,24191,24314,3,-0.188734010,1.219228864,0.230220929,-0.371868461,0.148572877,0.129007787,0.907191813,1,-0.035418786,-0.112362072,-0.660200596,0.906051993,-0.066610679,-0.057913002,0.413858533,1,0.096172795,-0.132551089,-0.659961462,0.900894880,-0.054871198,-0.042284988,0.428473622,1,0.010381632,-0.219898596,-0.547318101,0.915407181,-0.039051346,-0.023692191,0.399929255
102,24302,24439,3,-0.188810170,1.219157100,0.230618447,-0.371780217,0.148603901,0.129072815,0.907213628,1,-0.035155501,-0.112279668,-0.661381125,0.906443834,-0.067596741,-0.058203656,0.412798584,1,0.096208721,-0.132279530,-0.659691453,0.900380015,-0.055536304,-0.042232573,0.429474115,1,0.010532357,-0.219861686,-0.548305929,0.914947271,-0.038527504,-0.020745408,0.401194245
103,24428,24563,3,-0.188654751,1.219243050,0.231190905,-0.371547639,0.148400500,0.128717259,0.907392681,1,-0.035265751,-0.112384245,-0.661294758,0.905982018,-0.066869736,-0.058395837,0.413902044,1,0.096140742,-0.132355183,-0.660140991,0.900453866,-0.055194777,-0.042643059,0.429322660,1,0.010528844,-0.219930574,-0.548649013,0.914750040,-0.038003709,-0.020244349,0.401719183
104,24539,24675,3,-0.188441679,1.219395638,0.231461123,-0.371274859,0.148238271,0.128702894,0.907532930,1,-0.035985705,-0.112830937,-0.662925124,0.907012582,-0.066029869,-0.058219451,0.411799520,1,0.096216097,-0.132968172,-0.662585974,0.901724815,-0.054933373,-0.042349547,0.426709861,1,0.009934090,-0.219490916,-0.547376931,0.914046109,-0.037288662,-0.024496960,0.403149009
105,24664,24786,3,-0.188311353,1.219441533,0.231557190,-0.371343195,0.147743896,0.128686607,0.907587886,1,-0.036363363,-0.112612769,-0.663241565,0.907043874,-0.066592000,-0.058644712,0.411579549,1,0.095563143,-0.132504538,-0.662633121,0.903435588,-0.051626425,-0.043909840,0.423332930,1,0.009548429,-0.219431043,-0.547986865,0.912805319,-0.039423704,-0.024602246,0.405742466
106,24775,24911,3,-0.188268900,1.219376802,0.231949732,-0.371475011,0.148214132,0.128745541,0.907448888,1,-0.035935491,-0.112337351,-0.663721383,0.907778084,-0.066868700,-0.056670260,0.410190225,1,0.096418530,-0.132680044,-0.664556921,0.903615952,-0.052978873,-0.043649599,0.422807574,1,0.009984925,-0.218799189,-0.547137558,0.912772298,-0.039396584,-0.028742893,0.405547231
107,24886,25022,3,-0.188325197,1.219435811,0.232179761,-0.371092856,0.148429587,0.128826559,0.907558560,1,-0.035323549,-0.112316385,-0.662466943,0.906010151,-0.067770258,-0.058160082,0.413727164,1,0.096735626,-0.132868946,-0.664530694,0.904196501,-0.052543879,-0.043184251,0.421666861,1,0.010511808,-0.219609037,-0.548922479,0.914391458,-0.040132899,-0.027797554,0.401876807
108,25011,25147,3,-0.188523889,1.219486952,0.232919067,-0.370804429,0.149223581,0.129281893,0.907481432,1,-0.034673635,-0.112538561,-0.664044321,0.906829774,-0.067547701,-0.058003690,0.411986232,1,0.096970439,-0.132578075,-0.661505640,0.901045799,-0.054967076,-0.044706546,0.427897602,1,0.010813545,-0.219533280,-0.548805118,0.914122045,-0.040979143,-0.025000243,0.402587503
109,25136,25258,3,-0.188449144,1.219680786,0.233657584,-0.370369464,0.148932725,0.129222229,0.907715321,1,-0.034982935,-0.112868071,-0.664497852,0.906788468,-0.066983916,-0.058647860,0.412077993,1,0.096591562,-0.132905751,-0.662381709,0.900747240,-0.055772759,-0.042961050,0.428600162,1,0.010632016,-0.219248727,-0.548115790,0.912536800,-0.040549051,-0.027544016,0.406046420
110,25247,25383,3,-0.188275635,1.219962120,0.234304190,-0.369979650,0.148701519,0.129263356,0.907906353,1,-0.035113811,-0.112893179,-0.664504945,0.906064034,-0.067349680,-0.059381887,0.413504332,1,0.096371904,-0.133299813,-0.662904561,0.898884892,-0.058125999,-0.043058202,0.432172775,1,0.010544892,-0.219885558,-0.549647689,0.913975716,-0.040723547,-0.029904235,0.402611226
111,25358,25493,3,-0.188333511,1.220052719,0.234793141,-0.369625807,0.149283901,0.129477605,0.907924354,1,-0.034621142,-0.113147378,-0.665632904,0.906500816,-0.068046167,-0.059595823,0.412400723,1,0.096770331,-0.133065701,-0.662671328,0.899873495,-0.054561410,-0.042494480,0.430633217,1,0.010785680,-0.219597727,-0.549184263,0.912132025,-0.039802380,-0.022535659,0.407336593
112,25482,25606,3,-0.188159525,1.220105886,0.235194117,-0.369544834,0.149280906,0.129339471,0.907977521,1,-0.034635022,-0.113096029,-0.666287720,0.906498611,-0.067993477,-0.058950134,0.412507027,1,0.096712425,-0.132930890,-0.662201643,0.899758577,-0.055050068,-0.042970423,0.430763811,1,0.010800719,-0.219199732,-0.549065948,0.911415398,-0.041018907,-0.024252005,0.408719093
113,25595,25731,3,-0.187749818,1.220205426,0.235708848,-0.369348973,0.149013937,0.129055038,0.908141494,1,-0.034985777,-0.113031611,-0.665871561,0.906072199,-0.066931605,-0.058355220,0.413700342,1,0.096739262,-0.133315831,-0.664069772,0.899241865,-0.057780750,-0.043297343,0.431451946,1,0.010731116,-0.219563305,-0.550935209,0.913691342,-0.038179871,-0.026599223,0.403736234
114,25720,25842,3,-0.187543094,1.220140457,0.236378729,-0.369477600,0.148733169,0.128751755,0.908178270,1,-0.034886178,-0.112233087,-0.664913535,0.904882491,-0.067275740,-0.058093399,0.416277349,1,0.096973732,-0.132646680,-0.667031407,0.901718497,-0.053066574,-0.041913088,0.427002281,1,0.010656059,-0.218773022,-0.550692856,0.912165642,-0.039163522,-0.027151993,0.407041579
115,25830,25966,3,-0.187402129,1.220130801,0.237006664,-0.369419813,0.148760453,0.128916144,0.908173978,1,-0.034968045,-0.111771137,-0.665437698,0.905362308,-0.067567922,-0.060547244,0.414834648,1,0.096956104,-0.132392570,-0.666735530,0.901198328,-0.054707285,-0.041519180,0.427931011,1,0.010673165,-0.218473479,-0.551229477,0.913298070,-0.039087374,-0.029711420,0.404321760
116,25941,26078,3,-0.187275454,1.220048666,0.237285748,-0.369692236,0.148589954,0.129052833,0.908071578,1,-0.035153370,-0.111293837,-0.667523563,0.905690074,-0.068204135,-0.057920091,0.414389938,1,0.096861735,-0.131449908,-0.667558193,0.902830660,-0.052793719,-0.043101177,0.424560785,1,0.010569490,-0.218349889,-0.552939534,0.914468944,-0.040837772,-0.027948515,0.401618958
117,26053,26187,3,-0.186888739,1.219964862,0.237704009,-0.369858384,0.148294568,0.129031867,0.908055246,1,-0.035628740,-0.110959470,-0.669820189,0.907712698,-0.067410894,-0.061436016,0.409559608,1,0.096110150,-0.130928665,-0.665621161,0.899625897,-0.055123586,-0.043299623,0.430998623,1,0.010274395,-0.218011051,-0.553823829,0.915308416,-0.038142532,-0.022045555,0.400336862
118,26178,26300,3,-0.186694607,1.219850659,0.237882107,-0.370196670,0.148590431,0.129319757,0.907828033,1,-0.035273880,-0.110234708,-0.668798745,0.907018840,-0.067930698,-0.057834528,0.411530584,1,0.096451327,-0.130129680,-0.666114271,0.900275886,-0.054974288,-0.044209965,0.429565668,1,0.010482199,-0.217841804,-0.554568768,0.915614665,-0.040023260,-0.023605332,0.399362952
119,26289,26425,3,-0.186559722,1.219669580,0.238072574,-0.370362937,0.148400113,0.129382536,0.907782435,1,-0.035782468,-0.109535247,-0.669192910,0.907579124,-0.068255939,-0.059676245,0.409975618,1,0.096148700,-0.129771069,-0.667217970,0.902132869,-0.053402036,-0.042812489,0.425994873,1,0.009911194,-0.216159984,-0.552228093,0.914315283,-0.038293343,-0.021895962,0.402593791
120,26415,26536,3,-0.186156407,1.219712853,0.237844259,-0.370348901,0.147696182,0.128995493,0.907957971,1,-0.036554903,-0.109368131,-0.666014314,0.905838251,-0.067958869,-0.059736717,0.413848042,1,0.095352411,-0.129844710,-0.667623520,0.902254164,-0.052737568,-0.044200048,0.425678939,1,0.009353496,-0.216759369,-0.553047359,0.916265666,-0.038691051,-0.026808133,0.397795886
121,26524,26660,3,-0.185969487,1.219708681,0.237811878,-0.370672822,0.147427797,0.128961638,0.907874227,1,-0.037403122,-0.109262571,-0.668948531,0.907573938,-0.067144215,-0.060225174,0.410090417,1,0.094519272,-0.129216135,-0.666585088,0.900327086,-0.053825963,-0.042385265,0.429787666,1,0.008900419,-0.216205969,-0.552839875,0.914747238,-0.037843876,-0.023548072,0.401560485
122,26650,26772,3,-0.185990736,1.219869733,0.237625033,-0.370380253,0.147242919,0.129118577,0.908001304,1,-0.037654392,-0.109498411,-0.665925682,0.905598581,-0.067310095,-0.060900904,0.414308608,1,0.094261304,-0.129911840,-0.667812645,0.902111471,-0.052746814,-0.043289825,0.426073581,1,0.008522090,-0.216527238,-0.552064717,0.913862765,-0.038393229,-0.031319134,0.402988732
123,26761,26883,3,-0.186223179,1.219929814,0.237435728,-0.370411396,0.147430137,0.129302964,0.907931983,1,-0.037317339,-0.109827131,-0.667504787,0.906615436,-0.067147121,-0.059808161,0.412265331,1,0.094338864,-0.129810929,-0.666849852,0.901894867,-0.052854687,-0.044979665,0.426343620,1,0.008701820,-0.216441497,-0.551359773,0.912088513,-0.039275415,-0.025003359,0.407341152
124,26872,27008,3,-0.186629608,1.219847679,0.236932173,-0.370622337,0.147308603,0.129237175,0.907875001,1,-0.037246022,-0.109883025,-0.667415619,0.906863034,-0.067727223,-0.060146209,0.411576182,1,0.094085425,-0.129499406,-0.663862288,0.899220705,-0.055240441,-0.043451682,0.431813121,1,0.008864582,-0.216849178,-0.551944196,0.913371086,-0.039353054,-0.024622813,0.404472947
125,26983,27119,3,-0.187126294,1.219774604,0.236541927,-0.370694250,0.147099406,0.129797012,0.907799661,1,-0.037331898,-0.109833688,-0.666578293,0.906720519,-0.067189939,-0.059751656,0.412035435,1,0.094446123,-0.129928395,-0.666779995,0.902423918,-0.052276861,-0.045426756,0.425246567,1,0.008615460,-0.216364428,-0.550600767,0.912797868,-0.039045792,-0.025085889,0.405766159
126,27108,27245,3,-0.187841222,1.219641089,0.236271933,-0.370730251,0.148354784,0.129764855,0.907585263,1,-0.035395812,-0.110501006,-0.668499589,0.907544315,-0.067398198,-0.059753004,0.410183370,1,0.096677631,-0.130592749,-0.665656686,0.901924968,-0.055333540,-0.043972358,0.426070422,1,0.010477971,-0.217954502,-0.552852035,0.916553020,-0.040341236,-0.027272090,0.396937549
127,27219,27356,3,-0.188075110,1.219289899,0.235915050,-0.371417403,0.147709668,0.129445449,0.907455146,1,-0.035645019,-0.109574646,-0.667407751,0.907767832,-0.067173891,-0.059620906,0.409744591,1,0.095948651,-0.129276469,-0.664272666,0.901491106,-0.052597959,-0.044708550,0.427256823,1,0.010337044,-0.216842964,-0.551734507,0.914277852,-0.039705604,-0.026569782,0.402260542
128,27344,27468,3,-0.188160822,1.219107866,0.235358760,-0.371575147,0.146901950,0.129287228,0.907544255,1,-0.036408745,-0.109260872,-0.664919376,0.907304168,-0.065863319,-0.060730174,0.410819888,1,0.095526695,-0.129544154,-0.665613413,0.901793122,-0.054055769,-0.042064987,0.426705539,1,0.009484109,-0.216122404,-0.549736381,0.912736237,-0.038410574,-0.022731859,0.406104028
129,27455,27590,3,-0.188387096,1.219054341,0.235098824,-0.371632099,0.147254691,0.129225284,0.907472551,1,-0.036087465,-0.109588876,-0.665251315,0.907310903,-0.066239163,-0.058905594,0.411010265,1,0.095870063,-0.129550457,-0.664722502,0.902136803,-0.051697727,-0.044114541,0.426063985,1,0.010070957,-0.216857269,-0.550525606,0.915209055,-0.038617905,-0.027546966,0.400177717
130,27580,27704,3,-0.188627318,1.218951464,0.234690338,-0.371777475,0.147292987,0.129293546,0.907397091,1,-0.035799906,-0.109485194,-0.664005935,0.906120777,-0.067451335,-0.058126945,0.413541704,1,0.095908284,-0.129475981,-0.664240122,0.902327597,-0.051498882,-0.045116816,0.425578713,1,0.010194298,-0.216720805,-0.550407052,0.913377881,-0.036939848,-0.024564350,0.404688656
131,27691,27827,3,-0.188704923,1.218848944,0.234482184,-0.371770293,0.146993846,0.129662648,0.907395840,1,-0.036334999,-0.109664872,-0.664594829,0.907423317,-0.067377076,-0.060362682,0.410365194,1,0.095731393,-0.129744902,-0.664708197,0.902936518,-0.051171619,-0.044252645,0.424415857,1,0.009507116,-0.216876939,-0.550110877,0.914758980,-0.038352907,-0.020969694,0.401628315
132,27816,27939,3,-0.188883170,1.218598962,0.234499887,-0.372590244,0.147403225,0.129767835,0.906978011,1,-0.035605390,-0.108584180,-0.664906025,0.907315433,-0.068002805,-0.058802027,0.410726994,1,0.096274421,-0.128783554,-0.663843691,0.902526319,-0.055763256,-0.043454532,0.424792230,1,0.010502424,-0.216324195,-0.551278770,0.915766835,-0.038874190,-0.027510727,0.398877352
133,27927,28062,3,-0.189069301,1.218638539,0.234440923,-0.372376293,0.147467136,0.129789710,0.907052338,1,-0.035249542,-0.108865082,-0.664627075,0.907567322,-0.066799320,-0.061114110,0.410029799,1,0.096510783,-0.129199609,-0.664401472,0.901956975,-0.055114504,-0.042268358,0.426203430,1,0.010634091,-0.216703549,-0.551163137,0.915118635,-0.038318146,-0.026938083,0.400454670
134,28052,28188,3,-0.189261943,1.218720317,0.234592780,-0.372113138,0.147420034,0.129979983,0.907140732,1,-0.035631735,-0.109421521,-0.665478051,0.907694995,-0.067421734,-0.058067765,0.410088152,1,0.096432477,-0.129726440,-0.665767372,0.902917683,-0.052347846,-0.042970773,0.424444288,1,0.010334834,-0.216942862,-0.550794005,0.915366769,-0.038501453,-0.027683744,0.399818599
135,28163,28300,3,-0.189191014,1.218967557,0.234622583,-0.371907026,0.146980554,0.129897177,0.907308459,1,-0.036304098,-0.109644592,-0.664674222,0.907281756,-0.067121886,-0.060320240,0.410726100,1,0.095670387,-0.129772142,-0.664157033,0.900945008,-0.054078903,-0.044305120,0.428264678,1,0.009638131,-0.217044100,-0.550649047,0.915342510,-0.038405940,-0.021426396,0.400267392
136,28288,28411,3,-0.189125061,1.219153762,0.234884158,-0.371645838,0.146834627,0.130072191,0.907414019,1,-0.036323689,-0.109663248,-0.664282322,0.906806052,-0.067034945,-0.060482267,0.411765754,1,0.095644891,-0.130170003,-0.665424109,0.901685476,-0.054890092,-0.043593299,0.426673174,1,0.009555284,-0.216696545,-0.549884439,0.914205194,-0.038453825,-0.024115331,0.402701735
137,28400,28536,3,-0.189040303,1.219358325,0.235084310,-0.371731371,0.146507949,0.130228862,0.907409310,1,-0.036581513,-0.109462917,-0.664582789,0.906644106,-0.067380957,-0.060188811,0.412108779,1,0.095399588,-0.129989967,-0.667105436,0.903261065,-0.052184176,-0.044167358,0.423610121,1,0.009429388,-0.216943279,-0.551215231,0.914407849,-0.037541091,-0.027845832,0.402086556
138,28511,28648,3,-0.189084262,1.219562531,0.235436797,-0.371564120,0.146760508,0.130146295,0.907448888,1,-0.036291517,-0.109449178,-0.664262831,0.906611323,-0.066851959,-0.060857892,0.412168741,1,0.095763057,-0.130170912,-0.667683959,0.903209448,-0.052620966,-0.044581249,0.423622817,1,0.009529594,-0.216466278,-0.549864233,0.913913250,-0.038561057,-0.024882510,0.403306931
139,28636,28758,3,-0.188882589,1.219697952,0.235842347,-0.371391922,0.146509767,0.129795268,0.907610118,1,-0.036336444,-0.109625101,-0.664792597,0.906459272,-0.066390514,-0.059792239,0.412733227,1,0.095589846,-0.130123198,-0.667773962,0.903327346,-0.052221987,-0.043877821,0.423494160,1,0.009491947,-0.216652676,-0.550710797,0.913772345,-0.037119802,-0.023817400,0.403825432
140,28747,28884,3,-0.188615441,1.219742775,0.236213461,-0.371342331,0.145847157,0.129463345,0.907784522,1,-0.037354298,-0.109863311,-0.666778445,0.907025218,-0.065968923,-0.060099274,0.411511183,1,0.094376355,-0.129487440,-0.665299058,0.901314378,-0.052300721,-0.043993372,0.427740157,1,0.009151243,-0.216862544,-0.551644862,0.913636923,-0.037960030,-0.026805269,0.403866410
141,28858,28993,3,-0.188680813,1.219998598,0.236591265,-0.370831519,0.146255687,0.129470244,0.907926559,1,-0.036851920,-0.110382453,-0.667274654,0.906951189,-0.065389268,-0.062083934,0.411472261,1,0.095255569,-0.130352780,-0.666586876,0.901005507,-0.053778596,-0.045642819,0.428034633,1,0.009605959,-0.217408791,-0.552487433,0.914498329,-0.036702495,-0.027399106,0.401988804
142,28983,29120,3,-0.188809291,1.220067739,0.237163261,-0.370682925,0.146630049,0.130106121,0.907836020,1,-0.036438890,-0.109960005,-0.665837228,0.905871391,-0.066056356,-0.060874876,0.413917661,1,0.095435217,-0.130350113,-0.666581511,0.900761306,-0.054807425,-0.044214148,0.428567708,1,0.009435240,-0.216826722,-0.551431656,0.912795365,-0.037382055,-0.025475610,0.405904233
143,29108,29230,3,-0.189030811,1.220190883,0.237667799,-0.370575637,0.147719666,0.130105317,0.907703280,1,-0.034892410,-0.110044166,-0.666587353,0.905750394,-0.067060925,-0.059439443,0.414229482,1,0.096967667,-0.130359218,-0.666757107,0.900645018,-0.055618782,-0.043572094,0.428773344,1,0.010826882,-0.216931716,-0.551945329,0.913733542,-0.038652707,-0.026493713,0.403602719
144,29219,29354,3,-0.189082623,1.220387697,0.238212347,-0.370058149,0.147759765,0.129917517,0.907934725,1,-0.034609772,-0.110828131,-0.668382525,0.906668186,-0.067797735,-0.062808536,0.411596209,1,0.097223058,-0.131269127,-0.667828619,0.901834786,-0.054218449,-0.042948287,0.426508933,1,0.011201154,-0.217672274,-0.552953303,0.914078772,-0.038394839,-0.023239071,0.403045654
145,29330,29467,3,-0.189121932,1.220405459,0.238761902,-0.369971126,0.148139685,0.129921332,0.907907724,1,-0.034036029,-0.110694751,-0.669159293,0.906902552,-0.067016043,-0.062885277,0.411195844,1,0.097518280,-0.130922467,-0.666212916,0.900045633,-0.055508487,-0.045339689,0.429861605,1,0.011614859,-0.217462942,-0.553167522,0.913614750,-0.039040089,-0.024692366,0.403948277
146,29455,29578,3,-0.189214140,1.220646858,0.238977373,-0.369538516,0.148883313,0.129543349,0.908016264,1,-0.032836054,-0.111447483,-0.669515848,0.906050444,-0.069166966,-0.060815219,0.413025498,1,0.099024907,-0.131709248,-0.668874085,0.902712524,-0.053243119,-0.043236274,0.424742192,1,0.012706075,-0.218292877,-0.553319812,0.913431764,-0.041161269,-0.026259735,0.404052734
147,29566,29703,3,-0.189455569,1.220507264,0.239283308,-0.369557291,0.149006739,0.129255310,0.908029437,1,-0.032098081,-0.110928610,-0.666772187,0.904397309,-0.069144040,-0.059273895,0.416858822,1,0.099647954,-0.131423637,-0.667980373,0.901831388,-0.053768653,-0.043807030,0.426485747,1,0.013012521,-0.217347816,-0.551967502,0.911525190,-0.039819650,-0.024616940,0.408571035
148,29677,29814,3,-0.189806148,1.220336318,0.239402637,-0.369650215,0.149557292,0.129764944,0.907828391,1,-0.031435940,-0.111089692,-0.670528948,0.907096148,-0.069267474,-0.060884196,0.410696685,1,0.100376129,-0.131485686,-0.668856084,0.902701318,-0.053883977,-0.043351538,0.424673468,1,0.013878994,-0.217940196,-0.554307640,0.914430916,-0.039767127,-0.021097057,0.402230829
149,29803,29939,3,-0.189922586,1.220250010,0.239327699,-0.369792312,0.149400830,0.129253447,0.907869279,1,-0.031284075,-0.111142427,-0.669488430,0.906535029,-0.069321536,-0.060316190,0.412008256,1,0.100804269,-0.131602228,-0.669420183,0.902982831,-0.053367071,-0.043785386,0.424095213,1,0.014113396,-0.218059853,-0.554184377,0.914676309,-0.039579026,-0.023060376,0.401583105
150,29914,30049,3,-0.190002695,1.220205307,0.239276052,-0.369740427,0.149362832,0.129141152,0.907912612,1,-0.031189490,-0.110976875,-0.668110490,0.905756831,-0.069050804,-0.061078064,0.413649619,1,0.100719959,-0.131479159,-0.668603539,0.902469814,-0.053517509,-0.043800045,0.425165385,1,0.014072489,-0.217728198,-0.552530706,0.913223207,-0.041173931,-0.026213769,0.404525518
151,30039,30174,3,-0.190044716,1.220458269,0.239114434,-0.369250566,0.149294302,0.128907382,0.908156455,1,-0.031424373,-0.112435132,-0.669921279,0.907229722,-0.068376690,-0.060249843,0.410644412,1,0.100629941,-0.132753596,-0.668609619,0.902045846,-0.053440690,-0.042912681,0.426164240,1,0.014089409,-0.218983069,-0.553201199,0.914671421,-0.039059587,-0.023296252,0.401631474
152,30149,30286,3,-0.190109536,1.220491886,0.238789052,-0.369266152,0.149304703,0.128730446,0.908173501,1,-0.031016188,-0.112168625,-0.665942609,0.905099630,-0.068520486,-0.058143254,0.415594757,1,0.100631967,-0.132660493,-0.667305708,0.901748300,-0.052178439,-0.043966707,0.426842332,1,0.014174841,-0.218568400,-0.551106811,0.912072659,-0.040673137,-0.026600530,0.407138228
153,30275,30396,3,-0.190255433,1.220289826,0.238252044,-0.369633943,0.149132282,0.128516003,0.908082604,1,-0.031123325,-0.112144336,-0.667083442,0.906252027,-0.067187838,-0.060662065,0.412932456,1,0.100427002,-0.132194221,-0.665572762,0.900672138,-0.053223085,-0.042072587,0.429170042,1,0.014375806,-0.218838945,-0.551820695,0.912785411,-0.040230431,-0.027080599,0.405550182
154,30386,30522,3,-0.190297112,1.220098019,0.237756342,-0.369845808,0.149164438,0.128590062,0.907980561,1,-0.031179480,-0.112255603,-0.667561114,0.906904876,-0.067307957,-0.059884362,0.411590934,1,0.100417420,-0.132234320,-0.665430665,0.900802433,-0.053335328,-0.041796476,0.428909510,1,0.014085077,-0.218473658,-0.550515771,0.912125826,-0.040796950,-0.027238468,0.406964630
155,30511,30633,3,-0.190316334,1.220171213,0.237211853,-0.369767815,0.148635462,0.128260776,0.908145607,1,-0.031919554,-0.112832084,-0.666536450,0.905734003,-0.066550553,-0.057540808,0.414615512,1,0.100149095,-0.132909298,-0.667616725,0.902691603,-0.052345444,-0.042356171,0.424986809,1,0.013943043,-0.219686359,-0.551870108,0.913710296,-0.038034678,-0.021707855,0.403999507
156,30621,30756,3,-0.190323099,1.220087647,0.236903608,-0.370312124,0.148628518,0.128378242,0.907908320,1,-0.031936578,-0.112208188,-0.666604996,0.906632364,-0.067219757,-0.058957305,0.412338793,1,0.100059196,-0.132445887,-0.666372716,0.901907921,-0.053902358,-0.041833777,0.426505119,1,0.013884578,-0.219055429,-0.551588893,0.913026989,-0.040374897,-0.024476608,0.405157417
157,30747,30869,3,-0.190250769,1.220013738,0.236514598,-0.370436877,0.148438618,0.128042176,0.907935977,1,-0.032173678,-0.112290487,-0.666231930,0.907133222,-0.066295281,-0.058455162,0.411457479,1,0.099956483,-0.132360101,-0.666156769,0.901763916,-0.053728618,-0.041038159,0.426908642,1,0.013732791,-0.219059289,-0.550903678,0.913706601,-0.038407356,-0.022874571,0.403908253
158,30857,30994,3,-0.190208748,1.219917536,0.236232311,-0.370859087,0.148215383,0.127944961,0.907813787,1,-0.032293651,-0.111814246,-0.665863216,0.907322586,-0.067053743,-0.057879701,0.410998195,1,0.100170985,-0.132008791,-0.667913020,0.904680014,-0.052027188,-0.042634681,0.420748800,1,0.013663255,-0.218491361,-0.550512791,0.913066566,-0.039852839,-0.025248311,0.405072600
159,30982,31106,3,-0.190406501,1.219865084,0.236114502,-0.370811194,0.148410991,0.127724901,0.907832384,1,-0.031810295,-0.112346932,-0.667146504,0.907964110,-0.065489538,-0.060295373,0.409483552,1,0.100011274,-0.131792113,-0.664093614,0.901062548,-0.052993365,-0.042501733,0.428335845,1,0.014158197,-0.219141424,-0.551068366,0.914127767,-0.038748812,-0.024930017,0.402799547
160,31094,31217,3,-0.190730467,1.219827533,0.235802084,-0.370820075,0.148522511,0.127904221,0.907785237,1,-0.031706017,-0.112590775,-0.667383373,0.907893836,-0.065707676,-0.057701174,0.409977883,1,0.100219712,-0.132087275,-0.664498329,0.900784791,-0.053394411,-0.041440487,0.428973764,1,0.014081869,-0.219206959,-0.550834417,0.913829565,-0.037881732,-0.022579039,0.403696358
161,31206,31342,3,-0.191000074,1.219703197,0.235518545,-0.370986044,0.148406386,0.128300443,0.907680511,1,-0.031780403,-0.112444818,-0.667420030,0.908360004,-0.065984957,-0.060365412,0.408514470,1,0.100148320,-0.131993875,-0.664189160,0.900939882,-0.053604934,-0.042080175,0.428559303,1,0.014242630,-0.219424769,-0.551380754,0.914872229,-0.038696285,-0.026440755,0.401014119
162,31330,31453,3,-0.191242516,1.219640255,0.235286370,-0.371213347,0.148498937,0.128402784,0.907557964,1,-0.031641155,-0.112100020,-0.667111874,0.907947421,-0.066473983,-0.060939610,0.409266502,1,0.100220755,-0.131817549,-0.664148331,0.901597619,-0.054008286,-0.042233665,0.427107930,1,0.014198042,-0.219080776,-0.550843537,0.914726794,-0.039415199,-0.027366206,0.401213765
163,31442,31578,3,-0.191487595,1.219755530,0.235080943,-0.371161193,0.148927286,0.128484651,0.907497525,1,-0.030754939,-0.112085104,-0.664265573,0.907318652,-0.067182578,-0.057026699,0.411105096,1,0.100881353,-0.132045567,-0.663918495,0.901643574,-0.053295631,-0.040668819,0.427252263,1,0.014663897,-0.219080910,-0.549776137,0.914142430,-0.038842879,-0.023494141,0.402843475
164,31553,31688,3,-0.191630140,1.219641209,0.234928176,-0.371573865,0.148888081,0.128247574,0.907368600,1,-0.030673986,-0.111740440,-0.665240467,0.907423973,-0.067203000,-0.058939077,0.410599202,1,0.101330131,-0.131610721,-0.663437247,0.901763916,-0.054143030,-0.042190466,0.426743895,1,0.015277814,-0.218917742,-0.550546050,0.914176464,-0.038907286,-0.026031189,0.402604043
165,31663,31799,3,-0.191714600,1.219716311,0.234894499,-0.371370316,0.148644477,0.127933383,0.907536209,1,-0.030763486,-0.112137228,-0.664518416,0.907451808,-0.066679806,-0.057001572,0.410896361,1,0.101020277,-0.131803617,-0.663101196,0.900829554,-0.053320672,-0.041044779,0.428926915,1,0.015104540,-0.219033167,-0.549708486,0.913486600,-0.038209461,-0.025840739,0.404245585
166,31788,31911,3,-0.191832900,1.219671607,0.234779134,-0.371511251,0.148161128,0.127885744,0.907564282,1,-0.031169873,-0.112344354,-0.667175412,0.909103513,-0.065214291,-0.059739362,0.407073855,1,0.100786537,-0.131751508,-0.664439142,0.902495623,-0.054315705,-0.042260613,0.425165355,1,0.014720906,-0.218316212,-0.548712194,0.912359595,-0.037583943,-0.024308767,0.406935483
167,31899,32021,3,-0.191894233,1.219681501,0.234885350,-0.371828735,0.148114651,0.127874866,0.907443404,1,-0.030853732,-0.111418396,-0.664122999,0.907019436,-0.067088045,-0.057940647,0.411652535,1,0.100695953,-0.130988449,-0.663390279,0.903642058,-0.051758710,-0.043711614,0.422896385,1,0.015079971,-0.218461201,-0.549797952,0.913941026,-0.038565680,-0.028302725,0.403017968
168,32010,32147,3,-0.191852763,1.219714522,0.235071719,-0.371881455,0.148066133,0.127769306,0.907444537,1,-0.030873962,-0.111500412,-0.664490521,0.907095432,-0.067104287,-0.058586862,0.411390901,1,0.100921825,-0.131117746,-0.664587080,0.903265238,-0.051168736,-0.041675720,0.423977375,1,0.015121795,-0.218448445,-0.549896598,0.913853228,-0.038055971,-0.027000824,0.403354675
169,32122,32258,3,-0.191756904,1.219857454,0.235111922,-0.371458948,0.148027375,0.127694800,0.907634377,1,-0.030906446,-0.112357855,-0.666341841,0.908382058,-0.065911964,-0.057788227,0.408849806,1,0.100812450,-0.131894469,-0.664264798,0.902165532,-0.053991843,-0.040898122,0.426039428,1,0.014973246,-0.218796656,-0.549816191,0.912659824,-0.036762305,-0.024327608,0.406335801
170,32247,32369,3,-0.191835746,1.219933748,0.235029519,-0.371333092,0.147952810,0.128018498,0.907652438,1,-0.031234711,-0.112439588,-0.666123748,0.907793403,-0.064909652,-0.059413455,0.410082877,1,0.100192651,-0.131949425,-0.663445890,0.900778115,-0.053586386,-0.041142445,0.428992510,1,0.014493313,-0.219271377,-0.550180376,0.914057374,-0.038471516,-0.023129087,0.403093249
171,32357,32493,3,-0.191863626,1.220024705,0.234729677,-0.371120721,0.147660673,0.128083020,0.907777786,1,-0.031951286,-0.112634793,-0.664609969,0.906602561,-0.065981202,-0.058627114,0.412651390,1,0.100229725,-0.132544562,-0.665311456,0.902509391,-0.050689403,-0.043344844,0.425474644,1,0.014154829,-0.220053747,-0.551377952,0.916489065,-0.037242003,-0.021491261,0.397742361
172,32483,32604,3,-0.191903427,1.219972968,0.234240279,-0.371264547,0.147381261,0.128903657,0.907648206,1,-0.032703761,-0.112479642,-0.665154338,0.907714903,-0.066131674,-0.058836117,0.410144567,1,0.099639192,-0.132760286,-0.666572809,0.903063476,-0.052783728,-0.041698471,0.424206942,1,0.013011452,-0.219365254,-0.549917459,0.915842175,-0.037136391,-0.022475190,0.399185210
173,32594,32730,3,-0.191897213,1.219903350,0.233906314,-0.371349365,0.147012040,0.129096135,0.907646000,1,-0.033573017,-0.112365931,-0.664607584,0.907768428,-0.066772938,-0.058399491,0.409984529,1,0.098604366,-0.132405654,-0.664282501,0.902508736,-0.052172977,-0.043553181,0.425275356,1,0.012609135,-0.219273642,-0.549425304,0.915291190,-0.036892369,-0.025171597,0.400309086
174,32706,32842,3,-0.191917270,1.219772220,0.233589560,-0.371825665,0.147386417,0.129116252,0.907387435,1,-0.033215288,-0.111811310,-0.663885534,0.907645524,-0.065311626,-0.061229847,0.410079151,1,0.098763779,-0.131817758,-0.663365364,0.901580691,-0.053838391,-0.043573525,0.427030534,1,0.013074722,-0.219891176,-0.551448107,0.916357636,-0.038145207,-0.024597220,0.397779614
175,32816,32952,3,-0.191639706,1.219925523,0.233168244,-0.371258795,0.147145048,0.128630668,0.907727599,1,-0.033466972,-0.113162830,-0.664007246,0.907686412,-0.065871671,-0.059570126,0.410143584,1,0.098294169,-0.132950261,-0.662304223,0.900790274,-0.053743828,-0.042978864,0.428767115,1,0.012640864,-0.220237792,-0.549294412,0.915378153,-0.036944989,-0.025278114,0.400098652
176,32941,33064,3,-0.191559657,1.219591618,0.232634380,-0.371830821,0.147079021,0.128245458,0.907558620,1,-0.033438776,-0.112470418,-0.662438154,0.906622767,-0.065864511,-0.058621828,0.412626386,1,0.098745957,-0.132631570,-0.664076626,0.903814852,-0.051414248,-0.042789541,0.422663480,1,0.012696866,-0.220076606,-0.549521148,0.914740622,-0.038613129,-0.027949912,0.401219934
177,33052,33189,3,-0.191743389,1.219416976,0.232218325,-0.371948957,0.147512004,0.128341511,0.907426357,1,-0.033237725,-0.112583101,-0.662495494,0.906847477,-0.065671586,-0.059396755,0.412052065,1,0.098856539,-0.132518008,-0.663216949,0.903992593,-0.051766258,-0.043862972,0.422130018,1,0.013087258,-0.220547065,-0.550033927,0.915808320,-0.037453059,-0.024897875,0.399089575
178,33163,33299,3,-0.192243502,1.218921781,0.231256679,-0.371993750,0.147933334,0.128326729,0.907341540,1,-0.032419007,-0.113074958,-0.663242579,0.907924056,-0.066083193,-0.058073670,0.409798026,1,0.099389374,-0.132706344,-0.661109924,0.901453555,-0.054362986,-0.042031650,0.427386791,1,0.013515778,-0.219942912,-0.547898829,0.914689243,-0.036777321,-0.023251751,0.401808888
179,33293,33410,3,-0.192365125,1.218969703,0.230915084,-0.372076750,0.147672251,0.128786758,0.907284856,1,-0.032952722,-0.112744018,-0.660723269,0.906632006,-0.064923495,-0.060601909,0.412469119,1,0.099017024,-0.132937267,-0.660962999,0.901783228,-0.054090872,-0.042140458,0.426714659,1,0.013115235,-0.220151991,-0.547509909,0.914033055,-0.039506011,-0.023625026,0.403019518
180,33400,33536,3,-0.192637175,1.219046116,0.230567902,-0.372001201,0.148243934,0.128825635,0.907217026,1,-0.032111920,-0.113501757,-0.661424696,0.906905949,-0.068477511,-0.061251242,0.411194354,1,0.099889576,-0.133726269,-0.661998630,0.903747439,-0.052378669,-0.043605603,0.422605753,1,0.013553925,-0.220805660,-0.547412992,0.914613843,-0.037895035,-0.025101125,0.401765376
181,33510,33647,3,-0.193169400,1.218949676,0.229896769,-0.372011185,0.148637041,0.128904313,0.907137454,1,-0.031645365,-0.114079386,-0.660779059,0.907093048,-0.065891564,-0.060206074,0.411358386,1,0.100263596,-0.133921891,-0.659816921,0.902020335,-0.055131946,-0.042051602,0.426088631,1,0.014210239,-0.221673369,-0.547712088,0.914239407,-0.041087344,-0.023552552,0.402397126
182,33636,33772,3,-0.193244725,1.219227076,0.229367331,-0.371792704,0.148612544,0.128852829,0.907238364,1,-0.031593528,-0.114852443,-0.659837008,0.906699300,-0.066402547,-0.059778944,0.412205786,1,0.100190014,-0.134875789,-0.660209775,0.902875602,-0.052935634,-0.042543784,0.424503833,1,0.014148351,-0.222726777,-0.547813416,0.916405380,-0.039121233,-0.020464210,0.397808909
183,33760,33882,3,-0.193329811,1.219307780,0.228521168,-0.371835589,0.148081169,0.128783464,0.907317519,1,-0.032543331,-0.115410998,-0.660194993,0.907072365,-0.067166194,-0.057377905,0.411602020,1,0.099511415,-0.135482430,-0.659913242,0.902096629,-0.054303173,-0.042940084,0.425944895,1,0.013024889,-0.221831188,-0.544059336,0.913460553,-0.039255500,-0.025681010,0.404214501
184,33873,33995,3,-0.193359822,1.218855381,0.227610141,-0.372595787,0.147291020,0.128511786,0.907172799,1,-0.033225980,-0.115066469,-0.660449743,0.908001542,-0.065918624,-0.058686651,0.409565449,1,0.098708063,-0.134645775,-0.659093797,0.902533710,-0.053238068,-0.040971268,0.425346851,1,0.012832277,-0.221619979,-0.544390976,0.913879514,-0.036791109,-0.022895524,0.403666258
185,33983,34119,3,-0.193197936,1.218867540,0.227019802,-0.372560441,0.146528617,0.128759056,0.907275677,1,-0.034534417,-0.115291312,-0.659383535,0.907771945,-0.064986348,-0.060431689,0.409969389,1,0.097581863,-0.135021210,-0.659969151,0.903472304,-0.052009098,-0.042292222,0.423372477,1,0.011754610,-0.222135261,-0.543964326,0.913169086,-0.037628189,-0.025400270,0.405044645
186,34094,34231,3,-0.192927048,1.219132423,0.226665586,-0.372435808,0.145694107,0.128143325,0.907548428,1,-0.035480656,-0.115540713,-0.657060266,0.907134295,-0.063924275,-0.061079156,0.411449134,1,0.096627966,-0.135471538,-0.659651041,0.904361367,-0.049242418,-0.043873291,0.421640664,1,0.011170119,-0.223215520,-0.545507729,0.916487277,-0.035671219,-0.025528956,0.397651821
187,34219,34341,3,-0.193123206,1.218979239,0.226327375,-0.372807890,0.145660296,0.128250033,0.907385945,1,-0.035339151,-0.115168050,-0.656935632,0.906655729,-0.064161278,-0.061036292,0.412472188,1,0.096646130,-0.134846032,-0.658409417,0.903570771,-0.049589764,-0.044587363,0.423217118,1,0.011307914,-0.222461209,-0.544060290,0.913882613,-0.036809765,-0.025606507,0.403494686
188,34331,34467,3,-0.193462938,1.218997717,0.226633102,-0.372930348,0.145552456,0.128327057,0.907342076,1,-0.035082083,-0.115144894,-0.658739984,0.906820357,-0.064341404,-0.060854692,0.412108868,1,0.096574724,-0.134374499,-0.657409847,0.902140319,-0.051048245,-0.044648487,0.426079094,1,0.011505019,-0.221778065,-0.543304086,0.913042247,-0.036459852,-0.026851535,0.405343741
189,34442,34579,3,-0.193812624,1.219134688,0.227045298,-0.372844189,0.145619631,0.128455609,0.907348514,1,-0.034568477,-0.115139768,-0.658788085,0.907425702,-0.064579248,-0.061046068,0.410708517,1,0.097308815,-0.134686515,-0.658897042,0.902858019,-0.051987767,-0.042798832,0.424632668,1,0.011882734,-0.222177997,-0.544256985,0.913579285,-0.037587635,-0.027695116,0.403971642
190,34567,34689,3,-0.194111958,1.219469428,0.227523923,-0.372346014,0.145874307,0.128370911,0.907524109,1,-0.033964455,-0.115721375,-0.659069002,0.907341719,-0.065134458,-0.059939899,0.410969377,1,0.098135799,-0.135780588,-0.659923792,0.902300596,-0.052302003,-0.041380532,0.425917625,1,0.012372974,-0.223159358,-0.545774877,0.915527165,-0.036652941,-0.027449327,0.399641275
191,34677,34800,3,-0.194212437,1.219579697,0.227797285,-0.372436434,0.145736352,0.128628001,0.907472789,1,-0.034056086,-0.115092725,-0.657647610,0.905901074,-0.065319769,-0.059428986,0.414179623,1,0.098036945,-0.135179728,-0.660455406,0.903429329,-0.051848896,-0.043575831,0.423353672,1,0.012265351,-0.222669497,-0.545596957,0.914839745,-0.037677038,-0.029088724,0.401001990
192,34788,34925,3,-0.194262281,1.219674945,0.228190511,-0.372368634,0.145963743,0.128755406,0.907446027,1,-0.033856399,-0.115311787,-0.659906030,0.906609535,-0.065286748,-0.059303448,0.412649810,1,0.098236427,-0.135119423,-0.660849869,0.903643250,-0.051666502,-0.043443609,0.422932744,1,0.012482449,-0.222690091,-0.546472311,0.914758861,-0.037247114,-0.027360909,0.401348025
193,34914,35036,3,-0.194079816,1.219729781,0.228584930,-0.372232825,0.145936102,0.128779665,0.907502711,1,-0.034000475,-0.115083247,-0.658867121,0.905872345,-0.065095365,-0.058381822,0.414426714,1,0.097957268,-0.135025963,-0.660705507,0.902776897,-0.052462693,-0.043863632,0.424638182,1,0.012311041,-0.222461522,-0.546529114,0.915661693,-0.036108091,-0.025324766,0.399522841
194,35025,35161,3,-0.193696529,1.219752550,0.228903979,-0.372348100,0.145714179,0.129000694,0.907459676,1,-0.034646507,-0.114770666,-0.661321104,0.908273339,-0.065121859,-0.063813396,0.408321649,1,0.096831635,-0.134382144,-0.659281731,0.901528776,-0.052867919,-0.044931158,0.427120656,1,0.011825245,-0.221463308,-0.545304894,0.913620532,-0.038330447,-0.028841510,0.403728217
195,35150,35273,3,-0.193287835,1.220009685,0.229233339,-0.371897697,0.145670444,0.129129156,0.907633126,1,-0.035081301,-0.115171507,-0.660456181,0.906542718,-0.065326214,-0.060582355,0.412604660,1,0.096763074,-0.134997085,-0.661442280,0.902521849,-0.052127078,-0.045651507,0.425032943,1,0.011189505,-0.222120777,-0.546706259,0.914713562,-0.037218351,-0.028107537,0.401402414
196,35261,35397,3,-0.192947567,1.220132470,0.229482174,-0.371804684,0.145226792,0.129460558,0.907695115,1,-0.036202513,-0.114871159,-0.662266374,0.908130467,-0.065866947,-0.063484751,0.408571064,1,0.095775396,-0.134683222,-0.661351919,0.901369870,-0.052694894,-0.043192800,0.427656353,1,0.010595448,-0.222163007,-0.547657609,0.914214015,-0.036759321,-0.025412172,0.402760208
197,35372,35509,3,-0.192816705,1.220267057,0.229652464,-0.371487916,0.144937038,0.129908666,0.907807112,1,-0.036749966,-0.114870593,-0.661573052,0.907007813,-0.065765932,-0.064667389,0.410889059,1,0.095229432,-0.134947404,-0.661634982,0.902492881,-0.052678697,-0.044586863,0.425139546,1,0.009741835,-0.221397385,-0.545842350,0.912322700,-0.036846075,-0.026111916,0.406974107
198,35498,35619,3,-0.193037391,1.220393538,0.230024353,-0.371212542,0.145463660,0.130276978,0.907782733,1,-0.036080413,-0.115256056,-0.661880732,0.906845748,-0.066486813,-0.062358230,0.411487252,1,0.095744014,-0.135223985,-0.662011147,0.902853072,-0.052315939,-0.046911847,0.424168229,1,0.010285746,-0.222434506,-0.547521114,0.915391684,-0.038228005,-0.031131977,0.399534106
199,35609,35744,3,-0.193318546,1.220290303,0.230398685,-0.371209949,0.145571247,0.130634829,0.907715082,1,-0.036005937,-0.114779174,-0.661008418,0.906519413,-0.067158550,-0.063797101,0.411876500,1,0.095957905,-0.135204345,-0.662512600,0.903382778,-0.052241918,-0.045613784,0.423190057,1,0.010677945,-0.222727105,-0.548896313,0.915175557,-0.037911989,-0.028633447,0.400245488
200,35734,35855,3,-0.193719059,1.220173597,0.230677500,-0.371211380,0.145602152,0.130778089,0.907688916,1,-0.035221323,-0.114796281,-0.661427855,0.906746924,-0.067219228,-0.064290829,0.411288559,1,0.096529275,-0.135027155,-0.662058473,0.902592719,-0.053118918,-0.045569096,0.424768478,1,0.010867164,-0.221946582,-0.547419906,0.913591325,-0.038140584,-0.026264124,0.403988153
201,35846,35980,3,-0.193993300,1.220082164,0.231003344,-0.371145368,0.145619228,0.130731791,0.907719851,1,-0.034868449,-0.114931375,-0.662169039,0.907294214,-0.067754976,-0.063938715,0.410046786,1,0.096836120,-0.135074943,-0.661690831,0.902284086,-0.052475788,-0.047939003,0.425243020,1,0.011237819,-0.221743032,-0.547103345,0.913739800,-0.038329110,-0.029308535,0.403424740
202,35955,36092,3,-0.194277510,1.219822645,0.230990157,-0.371461630,0.146198004,0.130446225,0.907538533,1,-0.033748917,-0.114582315,-0.662566125,0.907890558,-0.067186415,-0.061764557,0.409152627,1,0.098005474,-0.134730771,-0.661609173,0.902441144,-0.053620219,-0.045686349,0.425014883,1,0.012163866,-0.220842361,-0.546060503,0.911668181,-0.039516829,-0.029185876,0.407980084
203,36082,36216,3,-0.194527537,1.219589472,0.231098518,-0.371488631,0.145939618,0.131060407,0.907480597,1,-0.034209691,-0.114209354,-0.663074195,0.906643569,-0.066550709,-0.063866615,0.411691040,1,0.097716674,-0.134416059,-0.662509680,0.901572466,-0.055662133,-0.045568172,0.426605701,1,0.011962626,-0.221592918,-0.548310459,0.916129768,-0.038766637,-0.026952773,0.398091704
204,36191,36328,3,-0.194765806,1.219530582,0.231084317,-0.371251971,0.145856097,0.131327808,0.907552183,1,-0.034336079,-0.114420548,-0.662442803,0.907216251,-0.065629035,-0.064940870,0.410407305,1,0.097898841,-0.135023683,-0.663981676,0.902944863,-0.054529119,-0.045285165,0.423870802,1,0.011740319,-0.221849382,-0.548296511,0.914381146,-0.040580314,-0.029201655,0.401755750
205,36317,36439,3,-0.194824621,1.219377160,0.231263146,-0.371658474,0.146208048,0.131776065,0.907264173,1,-0.033876762,-0.113175035,-0.659851253,0.905048668,-0.069383971,-0.063063473,0.414844334,1,0.098114327,-0.134291694,-0.664380670,0.904445589,-0.052769113,-0.044936325,0.420920879,1,0.011855766,-0.221445724,-0.548890591,0.915773571,-0.038073789,-0.022706732,0.399241179
206,36428,36564,3,-0.194657311,1.219385862,0.231311664,-0.371461034,0.146305457,0.131942958,0.907305062,1,-0.034180298,-0.113598228,-0.661074102,0.906136930,-0.068055190,-0.065229326,0.412346423,1,0.097729161,-0.134548038,-0.662867486,0.901632786,-0.056722939,-0.045749374,0.426318973,1,0.011659157,-0.221385807,-0.548041403,0.916125059,-0.039854925,-0.031697687,0.397645295
207,36552,36675,3,-0.194340512,1.219354033,0.231165752,-0.371412277,0.146595061,0.132186726,0.907242775,1,-0.034390200,-0.113617539,-0.661290944,0.906217515,-0.068153404,-0.065095812,0.412174076,1,0.097632378,-0.134608462,-0.662794054,0.902072728,-0.056838125,-0.046046782,0.425339758,1,0.011540174,-0.221568778,-0.548541963,0.916256309,-0.039104685,-0.028146045,0.397684544
208,36664,36800,3,-0.194189608,1.219267249,0.230857417,-0.371487975,0.146496236,0.131862298,0.907274961,1,-0.034730580,-0.113679603,-0.661851346,0.906739652,-0.068504922,-0.064099573,0.411122233,1,0.096874699,-0.134031504,-0.660819173,0.900841117,-0.055435859,-0.045549456,0.428179204,1,0.011133775,-0.220653817,-0.546478093,0.914242864,-0.039316170,-0.030319802,0.402113199
209,36789,36911,3,-0.193804398,1.219060421,0.230927691,-0.371968627,0.146216556,0.131894484,0.907118499,1,-0.035256565,-0.112768546,-0.661677539,0.906973600,-0.066688538,-0.061283749,0.411334187,1,0.096561104,-0.133578554,-0.662434340,0.903225064,-0.054219525,-0.046193451,0.423214942,1,0.010746431,-0.220477283,-0.547746897,0.913747072,-0.041457903,-0.029773606,0.403064609
210,36900,37036,3,-0.193690807,1.219028115,0.231112704,-0.372127652,0.146441028,0.131865606,0.907021284,1,-0.034849621,-0.112501249,-0.662767649,0.907966077,-0.067829028,-0.061878756,0.408861607,1,0.096532896,-0.132783294,-0.660815835,0.901281893,-0.054900736,-0.045988228,0.427272797,1,0.010710351,-0.220004886,-0.547612309,0.916332841,-0.039239150,-0.025745526,0.397657692
211,37010,37147,3,-0.193675965,1.218985796,0.231388286,-0.372252822,0.146449611,0.132067978,0.906939030,1,-0.034964830,-0.112108260,-0.663008809,0.908703327,-0.068130016,-0.062997177,0.406998754,1,0.096319422,-0.132322997,-0.660247684,0.900904894,-0.055715833,-0.045187961,0.428046912,1,0.010655709,-0.219626665,-0.548260808,0.914904058,-0.039465908,-0.024132786,0.401012063
212,37136,37272,3,-0.193578064,1.219082713,0.231693834,-0.372221798,0.146214277,0.131881624,0.907016873,1,-0.035205159,-0.111732930,-0.661665976,0.907556653,-0.067606904,-0.062558487,0.409703106,1,0.096632004,-0.132523328,-0.663270473,0.904151201,-0.053042468,-0.046178851,0.421384156,1,0.010662161,-0.219437942,-0.548110902,0.914212883,-0.040713638,-0.027978713,0.402211905
213,37247,37383,3,-0.193582892,1.219174623,0.232050821,-0.372310668,0.145826295,0.131597787,0.907084048,1,-0.035256468,-0.111675277,-0.662627757,0.907766938,-0.066184387,-0.062668957,0.409452528,1,0.096448183,-0.132189050,-0.663000584,0.903029859,-0.054655258,-0.045810085,0.423617005,1,0.010638434,-0.219212458,-0.548017740,0.914724350,-0.040735196,-0.027767994,0.401059836
214,37373,37495,3,-0.193763167,1.219362617,0.232791558,-0.372011870,0.146225095,0.131835967,0.907107890,1,-0.034860432,-0.111997887,-0.664525867,0.908676684,-0.065856583,-0.063137040,0.407410443,1,0.096989036,-0.132163391,-0.662645936,0.903061748,-0.053181008,-0.047599498,0.423539340,1,0.011258245,-0.218930975,-0.548236787,0.913727522,-0.038289275,-0.028051080,0.403545737
215,37482,37619,3,-0.193825305,1.219561100,0.233308002,-0.371845573,0.146057218,0.131694913,0.907223582,1,-0.034707271,-0.112090692,-0.664458871,0.908280909,-0.066312328,-0.062326938,0.408342808,1,0.097000256,-0.132167876,-0.662661731,0.902987599,-0.053080972,-0.048108462,0.423652411,1,0.011650775,-0.219778046,-0.550467551,0.916384816,-0.037602551,-0.026696736,0.397633225
216,37611,37745,3,-0.193889186,1.219737530,0.233812481,-0.371669263,0.145876765,0.131670192,0.907328427,1,-0.034666307,-0.112189308,-0.665229559,0.908270061,-0.065980561,-0.062837370,0.408342481,1,0.097177342,-0.132353976,-0.663693607,0.903187096,-0.052574292,-0.047504414,0.423358440,1,0.011719402,-0.219721809,-0.550603986,0.916212201,-0.037967015,-0.027434917,0.397946119
217,37719,37855,3,-0.194075510,1.219902635,0.234306961,-0.371377081,0.146295130,0.131819844,0.907359004,1,-0.033760760,-0.112176538,-0.664467335,0.908014297,-0.067851357,-0.061454844,0.408814818,1,0.098264486,-0.133036122,-0.666803241,0.904421568,-0.053823944,-0.045605790,0.420766801,1,0.012030397,-0.220060095,-0.551463306,0.916170537,-0.039040338,-0.027123036,0.397959530
218,37844,37967,3,-0.194125086,1.220060825,0.234589696,-0.371062696,0.146152765,0.132069960,0.907474160,1,-0.034055021,-0.112322614,-0.664662361,0.907558084,-0.066955626,-0.064151466,0.409560621,1,0.096997201,-0.132542640,-0.661762714,0.900641859,-0.055209588,-0.048536193,0.428299367,1,0.011748493,-0.219762757,-0.550458908,0.915309846,-0.038442157,-0.027405880,0.399973810
219,37955,38090,3,-0.194088310,1.220167279,0.234730259,-0.370821089,0.146153554,0.132240340,0.907548010,1,-0.034210995,-0.112478629,-0.664310277,0.906501651,-0.067947768,-0.063887842,0.411772043,1,0.097056314,-0.132872269,-0.662459552,0.900723219,-0.055113897,-0.048127890,0.428186715,1,0.011692964,-0.219790325,-0.550098956,0.913557708,-0.039211534,-0.029457185,0.403741360
220,38080,38203,3,-0.194034845,1.220201492,0.234618321,-0.370714456,0.146477878,0.132542104,0.907495260,1,-0.034188379,-0.112532958,-0.664404154,0.906723619,-0.067837045,-0.063692935,0.411331594,1,0.096997410,-0.132975057,-0.662594676,0.900727987,-0.054946736,-0.048465848,0.428160012,1,0.011728451,-0.219975635,-0.550238311,0.913521171,-0.039840732,-0.030681899,0.403671205
221,38192,38328,3,-0.193780422,1.220120311,0.234066784,-0.370249838,0.145403564,0.131802410,0.907965302,1,-0.035067700,-0.113503546,-0.663772702,0.905855238,-0.067429021,-0.064416640,0.413194954,1,0.096849427,-0.134503484,-0.666369796,0.903874934,-0.052709449,-0.047044292,0.421922594,1,0.010606065,-0.220542669,-0.549213946,0.914004683,-0.038361661,-0.027208537,0.402968436
222,38317,38440,3,-0.193358243,1.221049666,0.231714875,-0.365141958,0.137833863,0.128628522,0.911662161,1,-0.044985898,-0.123790190,-0.663360119,0.905330479,-0.059103724,-0.065528825,0.415438861,1,0.087458476,-0.142590523,-0.664431095,0.899836898,-0.047348157,-0.050952777,0.430645585,1,0.004202776,-0.229254737,-0.547097325,0.913777411,-0.031466573,-0.030451447,0.403848231
223,38428,38549,3,-0.192239687,1.224607825,0.229736611,-0.353438616,0.120517917,0.123856932,0.919356287,1,-0.062974691,-0.141338989,-0.658445299,0.899484038,-0.046326406,-0.074422240,0.428069741,1,0.069470085,-0.158181429,-0.664421618,0.895428061,-0.032286622,-0.057239998,0.440329194,1,-0.008929476,-0.243505076,-0.542114019,0.907366216,-0.017202379,-0.039239474,0.418151766
224,38539,38661,3,-0.187036887,1.231709123,0.228277773,-0.326893687,0.081934810,0.109676741,0.935092628,1,-0.110683762,-0.189899877,-0.649343789,0.885258257,-0.008438723,-0.092148788,0.455801785,1,0.022937354,-0.202061683,-0.671587765,0.886951923,0.008761486,-0.080094703,0.454779416,1,-0.042480759,-0.282132030,-0.531053722,0.896348715,0.022036938,-0.059416108,0.438797265
225,38650,38772,3,-0.180088758,1.238857031,0.227632001,-0.299217641,0.033009540,0.107038073,0.947587490,1,-0.173346505,-0.231143102,-0.629651964,0.871388197,0.027386559,-0.125800982,0.473399132,1,-0.041483164,-0.237578437,-0.657597482,0.869858444,0.044946589,-0.106367365,0.479595751,1,-0.090076156,-0.314237565,-0.513619125,0.880140483,0.057534151,-0.096691988,0.461186767
226,38760,38896,3,-0.177802667,1.242758155,0.229332104,-0.282452404,0.001606702,0.117077515,0.952108681,1,-0.214766815,-0.245614037,-0.605282426,0.854083002,0.042157698,-0.160550609,0.492938668,1,-0.087099604,-0.254415512,-0.645426393,0.857963741,0.059962355,-0.135093361,0.491988391,1,-0.125579685,-0.327746391,-0.500046134,0.865251720,0.071041934,-0.132009566,0.478399366
227,38886,39022,3,-0.178719744,1.243061662,0.228647470,-0.280601978,-0.009079968,0.117642753,0.952544093,1,-0.225112274,-0.248832956,-0.600409746,0.851921856,0.050935745,-0.168881059,0.493065804,1,-0.098032869,-0.256650448,-0.642979622,0.854895771,0.068916470,-0.140701756,0.494577318,1,-0.132764757,-0.329784065,-0.496845663,0.863057315,0.078837015,-0.142496735,0.478133291
228,39011,39161,3,-0.177711949,1.238901496,0.224819601,-0.296114236,-0.026525524,0.114204951,0.947929323,1,-0.239101112,-0.230137691,-0.597758055,0.858018696,0.066024065,-0.175511956,0.478163511,1,-0.112950698,-0.234623417,-0.642986059,0.858616352,0.083291285,-0.151956171,0.482441604,1,-0.142531022,-0.312726110,-0.498389721,0.866825640,0.093211316,-0.150300100,0.466191918
229,39136,39286,3,-0.178255349,1.235173702,0.219750226,-0.300898433,-0.045726318,0.114530727,0.945648968,1,-0.256579667,-0.225206837,-0.589199245,0.861550987,0.079348184,-0.187511429,0.465051889,1,-0.131314576,-0.226223484,-0.636756003,0.861760914,0.098973326,-0.162591577,0.470251501,1,-0.154983148,-0.307685554,-0.492850333,0.869406521,0.108354867,-0.160337284,0.454624563
230,39275,39397,3,-0.180432737,1.236820221,0.210854247,-0.279911429,-0.072879165,0.119539104,0.949762404,1,-0.286379218,-0.251312822,-0.563915908,0.848854363,0.091074206,-0.209966600,0.476514220,1,-0.163524061,-0.253500283,-0.617498279,0.842756629,0.108445197,-0.196430013,0.489301741,1,-0.178491876,-0.331185073,-0.470682651,0.854317844,0.117257513,-0.193485498,0.467926413
231,39385,39522,2,-0.187395185,1.241690516,0.201997608,-0.246107832,-0.081279919,0.117707826,0.958628893,1,-0.285956442,-0.308967650,-0.538498223,0.827453375,0.091236725,-0.223694563,0.506909847,1,-0.161498517,-0.308764547,-0.586610794,0.828869760,0.113850355,-0.188292056,0.514353156,0,,,,,,,
232,39510,39633,2,-0.195506290,1.254019141,0.193491206,-0.185657710,-0.070980802,0.113335416,0.973472178,1,-0.269946486,-0.381767035,-0.494919688,0.777032316,0.074755870,-0.259090006,0.568774700,1,-0.147723794,-0.389857471,-0.544556916,0.781265914,0.109004617,-0.190328270,0.584394336,0,,,,,,,
233,39622,39744,0,-0.203015491,1.265125394,0.187703878,-0.128777221,-0.069393903,0.107536875,0.983380258,0,,,,,,,,0,,,,,,,,0,,,,,,,
234,39719,39842,0,-0.209919497,1.272564769,0.183736101,-0.084235892,-0.071838200,0.101254173,0.988681555,0,,,,,,,,0,,,,,,,,0,,,,,,,
235,39831,39952,0,-0.218320981,1.280670166,0.178926811,-0.034251712,-0.064075269,0.098086827,0.992522120,0,,,,,,,,0,,,,,,,,0,,,,,,,
236,39928,40036,0,-0.222701222,1.285813332,0.176070273,-0.008924712,-0.067425340,0.100296713,0.992630243,0,,,,,,,,0,,,,,,,,0,,,,,,,
237,40024,40133,0,-0.225795135,1.290699005,0.173302963,0.019795159,-0.068727888,0.101172253,0.992294729,0,,,,,,,,0,,,,,,,,0,,,,,,,
238,40122,40216,0,-0.226079375,1.298395038,0.169052348,0.059873998,-0.063401110,0.108267047,0.990289688,0,,,,,,,,0,,,,,,,,0,,,,,,,
239,40204,40300,0,-0.222550005,1.307904005,0.165126637,0.077548958,-0.063109875,0.116400585,0.988156974,0,,,,,,,,0,,,,,,,,0,,,,,,,
240,40288,40383,0,-0.214444295,1.319788218,0.164840624,0.093914486,-0.052531131,0.120312847,0.986886740,0,,,,,,,,0,,,,,,,,0,,,,,,,
241,40372,40467,0,-0.200837731,1.333344698,0.161705717,0.104443505,-0.057574473,0.121366158,0.985417187,0,,,,,,,,0,,,,,,,,0,,,,,,,
242,40455,40550,0,-0.190261900,1.349534512,0.158095270,0.096309520,-0.071121581,0.146002129,0.982013047,0,,,,,,,,0,,,,,,,,0,,,,,,,
243,40538,40634,0,-0.179881692,1.362407804,0.148435861,0.086700276,-0.048428580,0.194394648,0.975883424,0,,,,,,,,0,,,,,,,,0,,,,,,,
244,40622,40716,0,-0.170024440,1.369459987,0.132358536,0.014043882,-0.004344453,0.238024160,0.971147954,0,,,,,,,,0,,,,,,,,0,,,,,,,
245,40705,40814,0,-0.158022925,1.367786646,0.114114523,-0.039013788,0.061162211,0.302038819,0.950531244,0,,,,,,,,0,,,,,,,,0,,,,,,,
246,40803,40911,0,-0.141842604,1.352658868,0.098421656,-0.050901245,0.109051622,0.352977306,0.927859783,0,,,,,,,,0,,,,,,,,0,,,,,,,
247,40901,41007,0,-0.123735473,1.325137854,0.091777965,-0.047880709,0.150959238,0.383811951,0.909729183,0,,,,,,,,0,,,,,,,,0,,,,,,,
248,40996,41119,0,-0.108649403,1.291420341,0.089219108,-0.119021736,0.180602700,0.409831882,0.886145771,0,,,,,,,,0,,,,,,,,0,,,,,,,
249,41108,41230,1,-0.093361266,1.248355865,0.084134936,-0.148452878,0.263528854,0.405872196,0.862428010,0,,,,,,,,1,-0.247616708,-0.295490533,-0.500249505,0.737563372,-0.354739100,-0.216762617,0.532141387,0,,,,,,,
250,41205,41341,2,-0.089031465,1.218201041,0.080015130,-0.126617968,0.329814970,0.408139408,0.841791093,1,-0.275653958,-0.197832048,-0.513600409,0.732717931,-0.430823803,-0.173842877,0.497286588,1,-0.195095435,-0.298450053,-0.483431518,0.722174048,-0.407766730,-0.171799541,0.531672657,0,,,,,,,
251,41316,41450,2,-0.088499725,1.186900258,0.074454650,-0.138422251,0.367613286,0.410693198,0.822818875,1,-0.228557974,-0.179108262,-0.520842314,0.732957482,-0.443510264,-0.117234610,0.502322614,1,-0.146200523,-0.274083912,-0.471592814,0.729583442,-0.428639919,-0.115332358,0.520263791,0,,,,,,,
252,41427,41560,2,-0.089904957,1.161263943,0.065276243,-0.169122487,0.374554545,0.418354392,0.809991419,1,-0.198087558,-0.136868879,-0.517150283,0.747917891,-0.455182046,-0.116945535,0.468777061,1,-0.118896648,-0.235873014,-0.470571458,0.746732354,-0.437173158,-0.104214564,0.490316033,0,,,,,,,
253,41536,41671,2,-0.089898825,1.139235854,0.054826021,-0.178621039,0.404820055,0.407792866,0.798699081,1,-0.160141945,-0.128595978,-0.506453574,0.749300539,-0.468689620,-0.086932637,0.459697157,1,-0.086328499,-0.230947033,-0.461668193,0.747656763,-0.459091842,-0.104791388,0.468255073,0,,,,,,,
254,41644,41779,2,-0.089144498,1.123236418,0.047769029,-0.189426541,0.414706588,0.403497934,0.793300390,1,-0.140217841,-0.112509966,-0.492571682,0.750942230,-0.484301388,-0.100431494,0.437551707,1,-0.069780201,-0.218396798,-0.453785926,0.754248321,-0.464369893,-0.094882116,0.454386920,0,,,,,,,
255,41759,41893,2,-0.089325733,1.113066912,0.042603221,-0.208061010,0.403278708,0.410841823,0.790750206,1,-0.141167983,-0.085665762,-0.487761885,0.762659311,-0.480203032,-0.109676406,0.419197977,1,-0.070036292,-0.193367839,-0.454661161,0.765209913,-0.459366947,-0.104240909,0.438827634,0,,,,,,,
256,41866,42004,2,-0.091248579,1.104601383,0.036693249,-0.223114058,0.399778634,0.411652535,0.787997067,1,-0.136956632,-0.070821598,-0.480905473,0.770555377,-0.476148903,-0.115523607,0.407653004,1,-0.065007314,-0.178387091,-0.449919045,0.773171902,-0.454668075,-0.104785860,0.429537088,0,,,,,,,
257,41994,42115,3,-0.096490964,1.098101258,0.031937540,-0.229513258,0.412788391,0.401849955,0.784503698,1,-0.118982352,-0.075141884,-0.474753559,0.774230540,-0.479006141,-0.100892417,0.401174426,1,-0.046697818,-0.181975588,-0.440334529,0.778317034,-0.458193511,-0.083854116,0.421010494,1,-0.210412711,-0.181545153,-0.403865486,0.813845158,-0.453811079,-0.035042856,0.361225039
258,42107,42227,3,-0.104545124,1.095842361,0.032864619,-0.236444086,0.414411217,0.406545073,0.779152513,1,-0.110586941,-0.072079897,-0.472275645,0.776273191,-0.482718378,-0.100422308,0.392808259,1,-0.039683782,-0.179406896,-0.438529998,0.778831363,-0.463645726,-0.089951426,0.412750661,1,-0.183786258,-0.163136318,-0.369579524,0.797309518,-0.478762805,-0.133000866,0.342628866
259,42218,42352,3,-0.112920798,1.094225764,0.031821255,-0.241626173,0.406988740,0.422336608,0.773051620,1,-0.113690838,-0.062664345,-0.467918068,0.775236130,-0.488468021,-0.115888417,0.383376837,1,-0.044974916,-0.172461554,-0.437050402,0.778763354,-0.469710022,-0.103467062,0.402734101,1,-0.207134232,-0.168364957,-0.397681236,0.820214331,-0.457154274,-0.011763564,0.343686074
