sample_id,logger_ms,detected_count,camera_x,camera_y,camera_z,camera_qx,camera_qy,camera_qz,camera_qw,common_seen,common_x,common_y,common_z,common_qx,common_qy,common_qz,common_qw,chest_seen,chest_x,chest_y,chest_z,chest_qx,chest_qy,chest_qz,chest_qw,navel_seen,navel_x,navel_y,navel_z,navel_qx,navel_qy,navel_qz,navel_qw
0,44964,3,-0.220266372,1.508739710,-0.088476755,-0.332740307,-0.246347651,-0.004407353,0.910262227,1,-0.129180074,-0.220525667,-0.624126256,0.881617188,-0.022359544,-0.084705569,0.463763028,1,0.003798053,-0.232619032,-0.632623255,0.877389252,-0.015769228,-0.077497557,0.473216206,1,-0.064093567,-0.307898283,-0.501298010,0.882080972,0.008056461,-0.057087198,0.467556775
1,45075,3,-0.220445514,1.508932471,-0.088657580,-0.332070082,-0.245802552,-0.003953628,0.910656333,1,-0.128891721,-0.221884817,-0.624095857,0.881502569,-0.021240726,-0.083311029,0.464285821,1,0.004683658,-0.234103099,-0.632253706,0.876222789,-0.016477747,-0.076137431,0.475568295,1,-0.063718498,-0.308710515,-0.500095606,0.881613493,0.006776865,-0.056439705,0.468536377
2,45187,3,-0.219826609,1.509328127,-0.088918582,-0.330673397,-0.245162308,-0.004057588,0.911336422,1,-0.128092453,-0.224405065,-0.624185324,0.880996883,-0.024581105,-0.081589475,0.465385318,1,0.005006868,-0.236379340,-0.632651985,0.878196001,-0.013954737,-0.071651384,0.472697735,1,-0.063316815,-0.310568869,-0.499392748,0.880519629,0.005240139,-0.059274435,0.470259786
3,45284,3,-0.218936354,1.509484410,-0.089109913,-0.329797149,-0.244968534,-0.004108973,0.911705732,1,-0.128369704,-0.225816742,-0.622631133,0.879678547,-0.023447400,-0.081779793,0.467897385,1,0.004973028,-0.238865852,-0.632302761,0.876261830,-0.014605540,-0.071891584,0.476217866,1,-0.063649580,-0.312619448,-0.499097139,0.881774902,0.007124227,-0.053938270,0.468522042
4,45395,3,-0.218140811,1.509481430,-0.089504570,-0.329309255,-0.242757529,-0.003750244,0.912474751,1,-0.126872763,-0.226984814,-0.622814298,0.880415738,-0.026094217,-0.081238829,0.466462761,1,0.006444644,-0.239737734,-0.631724060,0.877481163,-0.016209560,-0.070816517,0.474077135,1,-0.062728330,-0.313058853,-0.498225093,0.879794955,0.007193419,-0.052060794,0.472439170
5,45506,3,-0.216916978,1.509425759,-0.089542568,-0.328554869,-0.241243169,-0.003951733,0.913147211,1,-0.125493601,-0.227833703,-0.621589959,0.880000353,-0.027143309,-0.078885213,0.467589289,1,0.007832810,-0.241068587,-0.630249560,0.877757370,-0.017739108,-0.070421487,0.473569602,1,-0.061976157,-0.313544691,-0.496100843,0.877359927,0.003235913,-0.057527829,0.476360798
6,45618,3,-0.215972140,1.509693265,-0.089578018,-0.327250332,-0.237512052,-0.004865896,0.914588213,1,-0.121340245,-0.230072603,-0.621062934,0.878128529,-0.029587839,-0.078763157,0.470968455,1,0.011861522,-0.243266106,-0.628968120,0.877525270,-0.019846262,-0.067656994,0.474318564,1,-0.059001129,-0.315781415,-0.495618910,0.877573669,0.000112201,-0.056577619,0.476091802
7,45715,3,-0.215446711,1.509831786,-0.090135023,-0.326228619,-0.234218717,-0.004031277,0.915805757,1,-0.118601277,-0.231141523,-0.619045854,0.878117263,-0.031161709,-0.076444022,0.471269906,1,0.014461737,-0.245409623,-0.627115548,0.875477552,-0.022378076,-0.061480936,0.478809416,1,-0.057327479,-0.317645729,-0.495106190,0.878685951,-0.002849805,-0.051099457,0.474649072
8,45826,3,-0.215230688,1.509849310,-0.090931453,-0.326475143,-0.232150450,-0.002574702,0.916249692,1,-0.117634647,-0.232033297,-0.619683325,0.877542138,-0.034465909,-0.074133985,0.472478598,1,0.015439175,-0.245589361,-0.624949276,0.873917341,-0.025187124,-0.061700743,0.481484234,1,-0.056954693,-0.317667723,-0.493647069,0.876432419,-0.003646927,-0.051241692,0.478776723
9,45936,3,-0.215091795,1.509798169,-0.092291817,-0.326846957,-0.229836181,-0.001277258,0.916703224,1,-0.115899198,-0.232018277,-0.617778063,0.875551581,-0.035349824,-0.073849827,0.476136565,1,0.016930975,-0.246340171,-0.624154747,0.876794577,-0.026308564,-0.060697176,0.476292938,1,-0.056112908,-0.318709314,-0.493433475,0.879214108,-0.008402096,-0.053201437,0.473372549
10,46034,3,-0.215128794,1.509806871,-0.093446992,-0.326905370,-0.227730170,-0.000133146,0.917208731,1,-0.114366725,-0.233951107,-0.620580256,0.880234957,-0.038676150,-0.074806631,0.467006028,1,0.019092813,-0.248256430,-0.624110878,0.876817405,-0.030228918,-0.060196791,0.476081669,1,-0.055022858,-0.318833470,-0.491575062,0.877851784,-0.009981152,-0.050227683,0.476186663
11,46145,3,-0.214954615,1.509891748,-0.094557129,-0.326795012,-0.225553110,0.000769822,0.917785525,1,-0.112426601,-0.233717665,-0.616960645,0.876835883,-0.041173689,-0.071479201,0.473660529,1,0.020521492,-0.249431387,-0.623519897,0.876731098,-0.030240759,-0.057713877,0.476547152,1,-0.054219730,-0.319958717,-0.491356820,0.878018618,-0.009990757,-0.047079165,0.476200700
12,46256,3,-0.214316368,1.509685993,-0.095836386,-0.327582359,-0.225025624,-0.000014258,0.917634606,1,-0.111804873,-0.234280929,-0.618984878,0.880051017,-0.041672222,-0.070080988,0.467827201,1,0.021625567,-0.249354914,-0.623216629,0.877170980,-0.031581931,-0.056416981,0.475805402,1,-0.053269923,-0.320448875,-0.491771162,0.880245388,-0.010404616,-0.045636158,0.472204596
13,46354,3,-0.213966191,1.509196520,-0.096775539,-0.327870458,-0.226509035,-0.000484444,0.917166531,1,-0.112272106,-0.233502910,-0.616018474,0.878767729,-0.039640781,-0.069339216,0.470518827,1,0.020777177,-0.248771027,-0.621800065,0.876411498,-0.029512854,-0.059604526,0.476947784,1,-0.053600214,-0.319826186,-0.490027279,0.879321814,-0.008889691,-0.047152147,0.473804623
14,46465,3,-0.214245349,1.508882165,-0.097789973,-0.327877074,-0.223049134,-0.000497271,0.918011665,1,-0.108199611,-0.234461978,-0.617300868,0.879341125,-0.042125862,-0.071805246,0.468858808,1,0.025390681,-0.249600813,-0.621635854,0.878783941,-0.032995999,-0.054518674,0.472945839,1,-0.050267123,-0.320493549,-0.489920259,0.879539311,-0.011936461,-0.045601562,0.473485649
15,46562,3,-0.214556664,1.508668661,-0.099000894,-0.328600913,-0.218144909,0.000428769,0.918930948,1,-0.102811292,-0.232903361,-0.614188492,0.877327800,-0.047087912,-0.070173524,0.472392231,1,0.030011598,-0.250085592,-0.619374454,0.876873612,-0.036929835,-0.056505885,0.475957930,1,-0.046893694,-0.320315599,-0.489023209,0.877704918,-0.016177915,-0.038732659,0.477359533
16,46673,3,-0.214946702,1.508751631,-0.099732533,-0.328668505,-0.216078117,0.002041855,0.919392824,1,-0.101647206,-0.233521298,-0.614011824,0.877541065,-0.046249751,-0.068855964,0.472272635,1,0.031723574,-0.251352161,-0.619948268,0.880170524,-0.039805390,-0.055573255,0.469709575,1,-0.046150882,-0.321168780,-0.488793373,0.879538655,-0.020662298,-0.045342606,0.473211229
17,46784,3,-0.215354323,1.509156823,-0.101267278,-0.327783197,-0.214798272,0.002736756,0.920006752,1,-0.099464357,-0.233224720,-0.605846941,0.871518135,-0.047583945,-0.080974028,0.481284887,1,0.033393882,-0.254653126,-0.619719744,0.879541457,-0.038920220,-0.050154176,0.471568227,1,-0.044959705,-0.324243307,-0.488232315,0.878784478,-0.019721821,-0.036993649,0.475373954
18,46882,3,-0.215311319,1.509039760,-0.102997087,-0.328540832,-0.213109180,0.004278796,0.920123398,1,-0.098858014,-0.235944182,-0.612373471,0.877015233,-0.052235760,-0.069716960,0.472499013,1,0.033781476,-0.253569603,-0.614789307,0.874980032,-0.043892190,-0.055496685,0.478960872,1,-0.044682149,-0.324177802,-0.487471342,0.879133165,-0.022430381,-0.040081143,0.474357784
19,46993,3,-0.214777589,1.508851767,-0.104068160,-0.329200774,-0.212269753,0.004279226,0.920081556,1,-0.097905256,-0.235877946,-0.612484455,0.878572702,-0.053929228,-0.066165052,0.469918966,1,0.034727745,-0.253587991,-0.614429712,0.874865890,-0.044788141,-0.053073484,0.479361027,1,-0.044337094,-0.323342741,-0.486005187,0.878969967,-0.024000969,-0.041314255,0.474477470
20,47090,3,-0.214142144,1.508447647,-0.105040058,-0.330152422,-0.209767863,0.004229532,0.920314610,1,-0.095478624,-0.234986335,-0.611482441,0.878109694,-0.056085303,-0.063997142,0.470831335,1,0.037224293,-0.253652334,-0.614341736,0.876501560,-0.046343163,-0.054560028,0.476046860,1,-0.042629611,-0.322913408,-0.485277206,0.876682341,-0.025331091,-0.037143558,0.478964269
21,47201,3,-0.213224858,1.507986307,-0.105829656,-0.331116766,-0.206869185,0.003718693,0.920626402,1,-0.092870682,-0.234627232,-0.611827493,0.879917741,-0.059046827,-0.061836712,0.467369735,1,0.039666153,-0.252367496,-0.612123013,0.876787961,-0.049322434,-0.053904232,0.475294173,1,-0.040740453,-0.323208690,-0.485888004,0.879575193,-0.028268598,-0.036629684,0.473504633
22,47312,3,-0.211571589,1.507569551,-0.106751241,-0.331949472,-0.204215318,0.003128500,0.920921206,1,-0.091347590,-0.234776422,-0.613096535,0.879188418,-0.056848694,-0.055886097,0.469758183,1,0.041900977,-0.252280831,-0.612905860,0.880717695,-0.050061744,-0.048629392,0.468471318,1,-0.039558560,-0.322299182,-0.484827578,0.878807008,-0.029216236,-0.034103833,0.475059599
23,47409,3,-0.209850147,1.507414937,-0.107589789,-0.332598567,-0.203349203,0.002531216,0.920880497,1,-0.091054104,-0.233360201,-0.609754980,0.880748212,-0.059426825,-0.064141832,0.465442657,1,0.042010270,-0.252683640,-0.612963438,0.882065296,-0.049339984,-0.046190221,0.466254026,1,-0.039738964,-0.322581798,-0.484350681,0.879934728,-0.028754283,-0.031399906,0.473183066
24,47521,3,-0.208869651,1.507379293,-0.108274020,-0.332841039,-0.203046307,0.002370401,0.920860171,1,-0.091162756,-0.234271988,-0.610481143,0.879050791,-0.057867836,-0.054317441,0.470075130,1,0.041906185,-0.252749205,-0.612204492,0.883244038,-0.048910603,-0.043944124,0.464280784,1,-0.039901704,-0.322879612,-0.483986378,0.881115198,-0.027972147,-0.027531728,0.471270114
25,47631,3,-0.208671808,1.507125616,-0.108720474,-0.333030343,-0.202627122,0.001593522,0.920885742,1,-0.090354614,-0.234930530,-0.611857831,0.880420327,-0.059160668,-0.050932333,0.467724264,1,0.042329572,-0.251454830,-0.608991265,0.880862832,-0.048029397,-0.041590635,0.469088614,1,-0.039128859,-0.322083533,-0.482478887,0.878445923,-0.029788965,-0.032566849,0.475799143
26,47729,3,-0.208830550,1.507218242,-0.108493395,-0.332583904,-0.201753035,0.002106211,0.921237886,1,-0.089551784,-0.234194174,-0.608756423,0.879763424,-0.059362855,-0.059711374,0.467896253,1,0.043135129,-0.252579004,-0.608733237,0.878781080,-0.052537572,-0.049024712,0.471784055,1,-0.038801827,-0.323228925,-0.482852072,0.881015837,-0.029318234,-0.030246366,0.471207738
27,47840,3,-0.208494589,1.507746696,-0.108348921,-0.330655903,-0.201085046,0.002124970,0.922077537,1,-0.088933803,-0.238152638,-0.610946536,0.880800545,-0.060182929,-0.057802808,0.466076493,1,0.044293709,-0.255967081,-0.610014141,0.881006479,-0.050687645,-0.043893408,0.468328655,1,-0.037961729,-0.325121760,-0.481439143,0.877116501,-0.030740425,-0.031902526,0.478229970
28,47937,3,-0.206703812,1.508410454,-0.108886689,-0.328352034,-0.203220144,0.001936209,0.922433078,1,-0.092051901,-0.240495518,-0.606543660,0.877548337,-0.057821188,-0.061191823,0.472039402,1,0.040900163,-0.258452505,-0.607124686,0.880627036,-0.047513794,-0.039410483,0.469771594,1,-0.040282264,-0.327431977,-0.479067415,0.875355899,-0.030309768,-0.034412470,0.481299490
29,48048,3,-0.204829827,1.508667231,-0.110086121,-0.327762067,-0.204861388,0.001246158,0.922281027,1,-0.093508080,-0.236214295,-0.591941655,0.875072479,-0.063500002,-0.087671764,0.471730500,1,0.038470633,-0.259962201,-0.604757667,0.876844466,-0.044926539,-0.044793896,0.476569951,1,-0.042022709,-0.329486936,-0.477641821,0.874274492,-0.026636017,-0.032049753,0.483639896
30,48145,3,-0.203103408,1.508743167,-0.111593582,-0.327022940,-0.205036283,0.000481648,0.922505260,1,-0.093624532,-0.238812760,-0.590337753,0.875612199,-0.062267199,-0.089090161,0.470626205,1,0.038459279,-0.262342155,-0.603296518,0.877625346,-0.045284461,-0.044697307,0.475105494,1,-0.042236265,-0.329430759,-0.472963065,0.872198164,-0.025891714,-0.035387721,0.487183452
31,48256,2,-0.202081710,1.509209752,-0.113559283,-0.325442523,-0.203971744,-0.001180482,0.923299134,0,,,,,,,,1,0.041169092,-0.266405076,-0.602938592,0.881107986,-0.041521538,-0.037220702,0.469616085,1,-0.039551362,-0.335432500,-0.474156439,0.876766086,-0.027335903,-0.033214804,0.478989363
32,48367,2,-0.200242579,1.509505272,-0.117158815,-0.321948230,-0.208189115,-0.002228561,0.923580885,0,,,,,,,,1,0.038680576,-0.271255225,-0.597655118,0.876890659,-0.039098658,-0.036683485,0.477690667,1,-0.040775746,-0.340503663,-0.469662935,0.873096108,-0.024323611,-0.034317151,0.485730320
33,48465,2,-0.196647838,1.509654760,-0.122475125,-0.318409652,-0.210296616,-0.001156493,0.924331844,0,,,,,,,,1,0.034298174,-0.279266208,-0.587933481,0.873889744,-0.042075153,-0.051779330,0.481523991,1,-0.044133604,-0.349202335,-0.462110549,0.872319162,-0.018838674,-0.029896049,0.487658352
34,48576,2,-0.191410094,1.509297729,-0.127517313,-0.315682024,-0.215444475,-0.001913604,0.924080551,0,,,,,,,,1,0.028245203,-0.284403294,-0.580488980,0.872983158,-0.037180047,-0.053967863,0.483327538,1,-0.048481978,-0.354032993,-0.454004675,0.867612660,-0.016452257,-0.037119191,0.495580256
35,48673,2,-0.185192391,1.509013891,-0.131597981,-0.315477908,-0.222743914,-0.004178432,0.922410667,0,,,,,,,,1,0.019438244,-0.284936368,-0.573378742,0.870418429,-0.031402085,-0.060168695,0.487611949,1,-0.055095859,-0.358082920,-0.449180573,0.849295855,-0.027767418,-0.085406952,0.520222306
36,48784,1,-0.181003585,1.508648276,-0.134019002,-0.316401154,-0.225219563,-0.004668640,0.921490490,0,,,,,,,,1,0.015429076,-0.286799163,-0.573736846,0.874741793,-0.024210788,-0.049497321,0.481446415,0,,,,,,,
37,48882,1,-0.178958252,1.508019090,-0.136386320,-0.317731678,-0.222604126,-0.002870854,0.921675503,0,,,,,,,,1,0.015301455,-0.286635816,-0.570524454,0.875727236,-0.027162718,-0.049827971,0.479459226,0,,,,,,,
38,48993,1,-0.177764297,1.507888913,-0.138415977,-0.318587720,-0.220677376,-0.001779232,0.921846092,0,,,,,,,,1,0.015253644,-0.285373449,-0.566084564,0.873127460,-0.028571101,-0.050774455,0.483998120,0,,,,,,,
39,49090,1,-0.176394016,1.507070780,-0.140563130,-0.320299506,-0.221142188,-0.001907510,0.921140969,0,,,,,,,,1,0.014282145,-0.284308672,-0.564865053,0.876590192,-0.026705582,-0.046006531,0.478288502,0,,,,,,,
40,49201,1,-0.175882429,1.506643295,-0.142385483,-0.321352839,-0.220875129,-0.002258179,0.920837343,0,,,,,,,,1,0.015319873,-0.285988629,-0.567465544,0.879624605,-0.025026074,-0.042430054,0.473110884,0,,,,,,,
41,49298,1,-0.175875947,1.506500959,-0.144342303,-0.321687937,-0.223274112,-0.002497676,0.920140922,0,,,,,,,,1,0.014147457,-0.286272228,-0.566211998,0.881594658,-0.022112541,-0.041146822,0.469690204,0,,,,,,,
42,49410,1,-0.176800534,1.506329179,-0.146291137,-0.322128057,-0.226008177,-0.002952790,0.919317722,0,,,,,,,,1,0.013239153,-0.284959257,-0.563723266,0.880626619,-0.019886810,-0.043596044,0.471381664,0,,,,,,,
43,49521,1,-0.179174498,1.505876899,-0.149089590,-0.323024899,-0.226859689,-0.002340888,0.918794930,0,,,,,,,,1,0.014909625,-0.284390092,-0.562281013,0.881444573,-0.019883702,-0.045998171,0.469621450,0,,,,,,,
44,49632,1,-0.182646602,1.505280733,-0.152103677,-0.324134141,-0.224988133,-0.000404498,0.918867350,0,,,,,,,,1,0.019466918,-0.286457300,-0.564236939,0.881953597,-0.023493951,-0.046086423,0.468488991,0,,,,,,,
45,49743,1,-0.186103299,1.504771829,-0.154661641,-0.324898630,-0.223351091,0.002370910,0.918993771,0,,,,,,,,1,0.022591226,-0.287228882,-0.563761830,0.883037090,-0.026470659,-0.045735691,0.466318637,0,,,,,,,
46,49841,1,-0.188682377,1.504628420,-0.157077000,-0.325203329,-0.223553479,0.004385959,0.918829381,0,,,,,,,,1,0.023511771,-0.287141085,-0.561177373,0.880945265,-0.027972918,-0.048383925,0.469906420,0,,,,,,,
47,49952,1,-0.189862907,1.504758596,-0.158667669,-0.325260639,-0.224513739,0.004791280,0.918572903,0,,,,,,,,1,0.023659650,-0.285527557,-0.557434738,0.880432308,-0.025294684,-0.051078439,0.470733643,0,,,,,,,
48,50048,1,-0.190977514,1.505108714,-0.160112843,-0.324419618,-0.225534081,0.005510152,0.918616354,0,,,,,,,,1,0.024587736,-0.290396750,-0.561125994,0.881184399,-0.024189789,-0.043494213,0.470145822,0,,,,,,,
49,50160,1,-0.191498563,1.505138874,-0.161286101,-0.324204266,-0.226185963,0.005916487,0.918529510,0,,,,,,,,1,0.024562612,-0.291240394,-0.560641587,0.880757570,-0.025941554,-0.047465455,0.470468044,0,,,,,,,
50,50257,1,-0.191945687,1.505300999,-0.162532508,-0.323748827,-0.226901591,0.005693777,0.918515086,0,,,,,,,,1,0.025468580,-0.292741954,-0.560332656,0.881386399,-0.024742840,-0.048124634,0.469286561,0,,,,,,,
51,50368,1,-0.192484170,1.505210876,-0.163337946,-0.323481262,-0.227806017,0.005778919,0.918384910,0,,,,,,,,1,0.025157787,-0.292747468,-0.559495330,0.882563353,-0.021466851,-0.045674365,0.467477262,0,,,,,,,
52,50479,1,-0.192638904,1.505438328,-0.163672462,-0.322918326,-0.229130194,0.006161369,0.918251097,0,,,,,,,,1,0.023933917,-0.292868197,-0.558166921,0.880766988,-0.020583201,-0.047803078,0.470681101,0,,,,,,,
53,50590,1,-0.192340732,1.505524516,-0.163880333,-0.322645158,-0.230537146,0.005670330,0.917998135,0,,,,,,,,1,0.023145113,-0.294049561,-0.559204519,0.880542994,-0.019450955,-0.045972455,0.471330345,0,,,,,,,
54,50689,1,-0.192102581,1.505583763,-0.163703397,-0.322554260,-0.231415629,0.005292826,0.917811275,0,,,,,,,,1,0.022647306,-0.294489354,-0.560197294,0.881789565,-0.018059498,-0.047063489,0.468941391,0,,,,,,,
55,50798,1,-0.191983923,1.505693674,-0.163255975,-0.322194815,-0.231643200,0.005278764,0.917880237,0,,,,,,,,1,0.022129193,-0.294452250,-0.559779465,0.879792452,-0.017766662,-0.043342814,0.473044425,0,,,,,,,
56,50895,1,-0.192006394,1.505636454,-0.162596643,-0.321886986,-0.232256249,0.005280799,0.917833269,0,,,,,,,,1,0.021667033,-0.297332853,-0.563941002,0.878082335,-0.010179493,-0.030775687,0.477410287,0,,,,,,,
57,51007,1,-0.191930309,1.505826354,-0.161891609,-0.321287066,-0.232233837,0.005547360,0.918047547,0,,,,,,,,1,0.020380173,-0.293139398,-0.557333410,0.876694977,-0.018604524,-0.048987467,0.478184104,0,,,,,,,
58,51118,1,-0.191463768,1.506142259,-0.160982952,-0.320875764,-0.233871579,0.005197243,0.917777658,0,,,,,,,,1,0.018716536,-0.294985116,-0.560734689,0.878622949,-0.017254284,-0.050176915,0.474559069,0,,,,,,,
59,51215,1,-0.191029772,1.506630301,-0.159977302,-0.320004910,-0.238685787,0.004666609,0.916844666,0,,,,,,,,1,0.014118191,-0.294457167,-0.560546041,0.879346013,-0.012677480,-0.050564848,0.473321348,0,,,,,,,
60,51316,1,-0.191731170,1.506671906,-0.159601778,-0.319922149,-0.238851979,0.006077843,0.916822016,0,,,,,,,,1,0.012937952,-0.294674337,-0.560874104,0.879474223,-0.013126272,-0.051465385,0.472973704,0,,,,,,,
61,51423,1,-0.192570329,1.506746888,-0.159230351,-0.319880962,-0.237554580,0.006899561,0.917167604,0,,,,,,,,1,0.014024224,-0.294533879,-0.560300291,0.876630962,-0.016032435,-0.054880224,0.477754384,0,,,,,,,
62,51534,1,-0.193005219,1.507130861,-0.159252718,-0.318972260,-0.237923235,0.007780280,0.917381465,0,,,,,,,,1,0.013062034,-0.294039935,-0.557123363,0.875793040,-0.018755233,-0.063588627,0.478112131,0,,,,,,,
63,51645,1,-0.193315804,1.507222652,-0.159488097,-0.318630129,-0.237789690,0.008305924,0.917530358,0,,,,,,,,1,0.013849564,-0.298054099,-0.562060952,0.879602611,-0.017791297,-0.056260910,0.472035497,0,,,,,,,
64,51742,1,-0.193445474,1.507370710,-0.159802750,-0.318430781,-0.237642705,0.008793536,0.917633116,0,,,,,,,,1,0.013903819,-0.298138022,-0.561278820,0.880523026,-0.016180193,-0.053391665,0.470708758,0,,,,,,,
65,51854,1,-0.193521455,1.507466674,-0.160068288,-0.318025440,-0.237682134,0.008825283,0.917763114,0,,,,,,,,1,0.014123663,-0.298733056,-0.560167253,0.878080785,-0.018314987,-0.056922249,0.474761575,0,,,,,,,
66,51965,1,-0.193899706,1.507437348,-0.160316616,-0.317859560,-0.237652794,0.009167944,0.917824805,0,,,,,,,,1,0.014166150,-0.299129158,-0.559688747,0.875570178,-0.022022104,-0.062377505,0.478540421,0,,,,,,,
67,52062,1,-0.194237679,1.507266402,-0.160424829,-0.317822188,-0.237580687,0.009459433,0.917853475,0,,,,,,,,1,0.014163930,-0.299260765,-0.559655368,0.875441968,-0.022347463,-0.063110784,0.478663832,0,,,,,,,
68,52177,1,-0.194331080,1.507331610,-0.160266608,-0.317535192,-0.237626195,0.009687555,0.917938650,0,,,,,,,,1,0.014174022,-0.299578756,-0.559776783,0.877039075,-0.021930899,-0.061962146,0.475901484,0,,,,,,,
69,52285,1,-0.194398791,1.507600307,-0.159952998,-0.316882074,-0.238388598,0.009613561,0.917967439,0,,,,,,,,1,0.013674967,-0.300810665,-0.560237706,0.875741422,-0.022671156,-0.063982800,0.477984518,0,,,,,,,
70,52396,1,-0.194866955,1.507854700,-0.159785718,-0.316008717,-0.238120303,0.010214660,0.918331563,0,,,,,,,,1,0.013728611,-0.302274615,-0.560386240,0.875297189,-0.022762546,-0.064126410,0.478773981,0,,,,,,,
71,52493,1,-0.194924563,1.508028030,-0.159551710,-0.315512568,-0.238345325,0.010508863,0.918440461,0,,,,,,,,1,0.013028067,-0.301869631,-0.558768153,0.875033319,-0.020821497,-0.062106661,0.479610234,0,,,,,,,
72,52604,1,-0.194749743,1.508231759,-0.159293517,-0.314870566,-0.238727063,0.010457080,0.918562233,0,,,,,,,,1,0.012766790,-0.303902328,-0.560409963,0.875293195,-0.022146437,-0.065065980,0.478683412,0,,,,,,,
73,52715,1,-0.194708735,1.508774042,-0.158663034,-0.313610584,-0.239151075,0.010721704,0.918879867,0,,,,,,,,1,0.012135416,-0.305008054,-0.560133278,0.874082446,-0.023737170,-0.065729685,0.480724484,0,,,,,,,
74,52826,1,-0.194609195,1.509912014,-0.156968176,-0.310557187,-0.241266727,0.011311887,0.919356644,0,,,,,,,,1,0.009560853,-0.310515046,-0.561198115,0.871794462,-0.027441632,-0.074964903,0.483323544,0,,,,,,,
75,52937,1,-0.195104137,1.510561943,-0.156444922,-0.307615548,-0.240857154,0.012413101,0.920438170,0,,,,,,,,1,0.010047838,-0.313925654,-0.559921384,0.868819296,-0.026889961,-0.077750340,0.488246799,0,,,,,,,
76,53035,1,-0.195765048,1.510272384,-0.157119036,-0.309534967,-0.236067459,0.013688287,0.921017349,0,,,,,,,,1,0.013580654,-0.312475234,-0.559629500,0.869387507,-0.028868983,-0.071569413,0.488067389,0,,,,,,,
77,53145,1,-0.195287541,1.510436773,-0.157764167,-0.309244007,-0.234588057,0.014395529,0.921482146,0,,,,,,,,1,0.013184577,-0.311342776,-0.555827916,0.868479609,-0.030960018,-0.074741229,0.489079148,0,,,,,,,
78,53257,2,-0.193573430,1.510299206,-0.157102138,-0.309562892,-0.236630067,0.013518834,0.920866072,1,-0.121177241,-0.295677543,-0.548498631,0.870498300,-0.035890691,-0.083279878,0.483744830,1,0.011015698,-0.312285364,-0.558737338,0.869401574,-0.028879339,-0.072151966,0.487955928,0,,,,,,,
79,53354,2,-0.193669364,1.510997057,-0.155475035,-0.307624876,-0.229976207,0.012399554,0.923214018,1,-0.113671206,-0.291151941,-0.540913582,0.865413725,-0.048323136,-0.101896636,0.488201916,1,0.018001374,-0.314862013,-0.559430242,0.870829582,-0.034213081,-0.069924720,0.485382169,0,,,,,,,
80,53465,2,-0.193696097,1.511813283,-0.154422760,-0.305314869,-0.224703848,0.010282020,0.925302804,1,-0.107538298,-0.294226229,-0.542870760,0.865052342,-0.050857078,-0.096479230,0.489683300,1,0.024328444,-0.317026436,-0.558315754,0.867546022,-0.037424419,-0.063752547,0.491832197,0,,,,,,,
81,53579,2,-0.194084346,1.511043549,-0.153755054,-0.307091087,-0.224481270,0.007918726,0.924792171,1,-0.105621532,-0.291310698,-0.544462621,0.865327477,-0.048920594,-0.094713092,0.489739299,1,0.026146211,-0.312940836,-0.558471084,0.868092477,-0.035744224,-0.063226178,0.491060346,0,,,,,,,
82,53673,2,-0.196486592,1.510567188,-0.152201191,-0.308472186,-0.220400497,0.008113421,0.925312221,1,-0.100331783,-0.286125243,-0.544769824,0.863476753,-0.054361522,-0.095836222,0.492207408,1,0.031463832,-0.311021954,-0.562672615,0.871719301,-0.038903244,-0.059538186,0.484816730,0,,,,,,,
83,53784,2,-0.198783219,1.510761857,-0.149499476,-0.307937294,-0.217865899,0.008635604,0.926085591,1,-0.098538466,-0.294342697,-0.561952174,0.870044887,-0.045468111,-0.051302820,0.488182902,1,0.034374729,-0.310028493,-0.564508498,0.869962990,-0.040662061,-0.058209669,0.487978131,0,,,,,,,
84,53882,2,-0.200870529,1.510842204,-0.145019099,-0.309289634,-0.214635864,0.006171604,0.926408827,1,-0.094209179,-0.289304376,-0.566662967,0.869189501,-0.045994826,-0.045674752,0.490212083,1,0.038508326,-0.304804027,-0.568674684,0.871164918,-0.040873282,-0.053969476,0.486300707,0,,,,,,,
85,53992,2,-0.202014282,1.510829210,-0.140792832,-0.310515970,-0.213255867,0.004164544,0.926328480,1,-0.091926068,-0.284431309,-0.570947289,0.869681537,-0.047323424,-0.049063507,0.488883704,1,0.041030310,-0.300747812,-0.574363112,0.873143911,-0.040706415,-0.052619871,0.482901543,0,,,,,,,
86,54104,3,-0.203650400,1.510576487,-0.136004463,-0.313131303,-0.213474438,0.002543370,0.925403118,1,-0.091442712,-0.277501792,-0.576114297,0.869174302,-0.044710867,-0.045355674,0.490387440,1,0.041128956,-0.293546677,-0.579368293,0.872511446,-0.040608671,-0.054150440,0.483882666,1,-0.038815510,-0.420486867,-0.516352832,0.888815880,-0.032721475,-0.054075878,0.453884870
87,54201,3,-0.205950886,1.509673238,-0.131287485,-0.319323629,-0.214589790,0.000660122,0.923029363,1,-0.091294236,-0.258774936,-0.571850955,0.870643377,-0.053607319,-0.088969208,0.480823070,1,0.040115118,-0.280466825,-0.584745526,0.872307062,-0.041815162,-0.059130602,0.483565360,1,-0.037101150,-0.349664301,-0.458807588,0.863625765,-0.016851975,-0.031190388,0.502885222
88,54312,3,-0.208581343,1.508735895,-0.127027422,-0.326447725,-0.214703038,0.000019502,0.920507729,1,-0.092025802,-0.249643967,-0.583814144,0.874450624,-0.049022608,-0.075251773,0.476728529,1,0.040249012,-0.269660681,-0.594745219,0.878417075,-0.039702434,-0.053559814,0.473221421,1,-0.037377752,-0.339710802,-0.466871798,0.871293426,-0.017258016,-0.033521965,0.489312023
89,54424,3,-0.212248787,1.508688211,-0.121329978,-0.326584488,-0.212852031,-0.000918604,0.920888543,1,-0.088688351,-0.246509507,-0.591614783,0.875011861,-0.048494693,-0.066654332,0.477032214,1,0.044306718,-0.265911490,-0.601607442,0.881610334,-0.038358122,-0.045491148,0.468211979,1,-0.034184016,-0.336140335,-0.473093480,0.874588192,-0.021409504,-0.037453689,0.482943445
90,54520,3,-0.216423422,1.508248806,-0.114104107,-0.327711076,-0.212898105,0.000601439,0.920477867,1,-0.088945143,-0.239571735,-0.596907914,0.873794794,-0.048649468,-0.069545381,0.478831202,1,0.043383792,-0.259237736,-0.607155085,0.880339384,-0.039546426,-0.048187576,0.470230430,1,-0.034893617,-0.329995990,-0.479299843,0.874460280,-0.020680735,-0.034537185,0.483424038
91,54632,3,-0.219486073,1.508839846,-0.108045213,-0.325219244,-0.212742701,0.001982003,0.921395183,1,-0.089243218,-0.242857978,-0.609505594,0.877025843,-0.050646830,-0.060967378,0.473860323,1,0.043409057,-0.259465277,-0.612535536,0.879647195,-0.039685104,-0.048676208,0.471462131,1,-0.035166558,-0.329159588,-0.483360708,0.877585530,-0.022118593,-0.039515920,0.477276564
92,54742,3,-0.221634001,1.509302855,-0.102466859,-0.323288381,-0.212789401,0.001969120,0.922063708,1,-0.089244433,-0.241397694,-0.611283720,0.874881148,-0.048298150,-0.065799840,0.477410406,1,0.043633088,-0.259460717,-0.617095888,0.877573133,-0.040318921,-0.047137666,0.475413293,1,-0.034954835,-0.328556627,-0.487023145,0.876187921,-0.021346239,-0.036818009,0.480087012
93,54854,3,-0.222567379,1.509731889,-0.098267764,-0.321238339,-0.212402433,0.002912032,0.922866523,1,-0.090497926,-0.243932143,-0.618710637,0.877402902,-0.049326777,-0.063848786,0.472921133,1,0.042526245,-0.260336459,-0.619678199,0.874487400,-0.041120037,-0.051663470,0.480532855,1,-0.036029793,-0.328367591,-0.489112526,0.874518096,-0.021800917,-0.037519459,0.483047754
94,54951,3,-0.223167136,1.510227680,-0.095301718,-0.319496751,-0.211605698,0.003665719,0.923651159,1,-0.090288505,-0.244239137,-0.618506670,0.875093997,-0.051363885,-0.062441781,0.477151245,1,0.042378716,-0.260808498,-0.619475722,0.874437809,-0.043173518,-0.054860510,0.480088472,1,-0.036369238,-0.329249710,-0.490482539,0.874859691,-0.022063285,-0.033419918,0.482718199
95,55062,3,-0.223895103,1.510731936,-0.093584597,-0.317862600,-0.208561644,0.004844395,0.924901009,1,-0.087942012,-0.245454207,-0.619151473,0.871758103,-0.052945580,-0.061054621,0.483225614,1,0.044770353,-0.263101101,-0.620679855,0.873300910,-0.045785230,-0.048062686,0.482637823,1,-0.035085618,-0.329924405,-0.490528047,0.873909593,-0.027172642,-0.039166108,0.483745545
96,55174,3,-0.224599674,1.511073828,-0.092486888,-0.317005038,-0.206309512,0.006765990,0.925688088,1,-0.087040544,-0.246888369,-0.621822596,0.873134077,-0.057982922,-0.061732695,0.480066597,1,0.045774765,-0.264017671,-0.620174289,0.871238053,-0.049686365,-0.049252905,0.485849500,1,-0.034691948,-0.330806494,-0.491300255,0.872010112,-0.030380420,-0.036442161,0.487183124
97,55271,3,-0.224643990,1.511127114,-0.091452464,-0.316579670,-0.206456795,0.007419075,0.925795794,1,-0.088090688,-0.247474596,-0.623420179,0.874206603,-0.058148731,-0.060745779,0.478217006,1,0.044495597,-0.263881624,-0.620092809,0.870348811,-0.049707297,-0.049162209,0.487447709,1,-0.035738017,-0.330586165,-0.491325229,0.870416641,-0.030564152,-0.037019715,0.489969730
98,55382,3,-0.224774018,1.511332989,-0.090401649,-0.316540509,-0.206070170,0.007169980,0.925897300,1,-0.087491587,-0.245607167,-0.621295035,0.871417463,-0.058592588,-0.058789592,0.483469069,1,0.044690862,-0.263220340,-0.621040523,0.870583713,-0.049203884,-0.048054446,0.487189680,1,-0.035562042,-0.329739660,-0.492038786,0.870675981,-0.031113651,-0.038858783,0.489331454
99,55494,3,-0.225524276,1.511806607,-0.088652618,-0.314700127,-0.205479220,0.007154595,0.926655769,1,-0.086906120,-0.248480439,-0.625092506,0.873328090,-0.058005881,-0.056583580,0.480345309,1,0.046029836,-0.266037434,-0.623615742,0.868765891,-0.050815735,-0.049854469,0.490079761,1,-0.034821596,-0.331204563,-0.492591172,0.870655835,-0.030777104,-0.038911354,0.489384353
100,55604,3,-0.226428449,1.511822343,-0.087379538,-0.314138651,-0.204612568,0.007488722,0.927035332,1,-0.085772038,-0.248297319,-0.625340343,0.871633232,-0.060225606,-0.055939313,0.483217537,1,0.046744667,-0.269107878,-0.630028605,0.868804812,-0.052830115,-0.079821512,0.485814512,1,-0.034184050,-0.331955075,-0.494444430,0.872296751,-0.029413193,-0.032954477,0.486977756
101,55701,3,-0.227550104,1.511819839,-0.086562626,-0.314157248,-0.204362497,0.007704492,0.927082479,1,-0.084533647,-0.247420385,-0.626527131,0.870932758,-0.059951276,-0.056234889,0.484478801,1,0.047590263,-0.264642298,-0.623581171,0.867779493,-0.050665252,-0.052007839,0.491616696,1,-0.032997340,-0.330851138,-0.495383620,0.873520911,-0.032589871,-0.037566680,0.484239548
102,55813,3,-0.229041010,1.511965036,-0.085559629,-0.313894570,-0.203321472,0.006962399,0.927406132,1,-0.081902094,-0.246555820,-0.626075625,0.870263398,-0.060986668,-0.057133261,0.485446244,1,0.050287604,-0.265356988,-0.626813471,0.868499458,-0.053094923,-0.050539698,0.490240127,1,-0.030855853,-0.330617130,-0.496569365,0.868772924,-0.029993350,-0.029579327,0.493415773
103,55923,3,-0.231211722,1.511720896,-0.083560333,-0.313598573,-0.204310954,0.006471321,0.927292347,1,-0.081658095,-0.245155245,-0.628192484,0.870042562,-0.058370240,-0.058986887,0.485941768,1,0.050979108,-0.263596117,-0.628618717,0.869981110,-0.048077758,-0.049469240,0.488235801,1,-0.029999834,-0.330018938,-0.499648631,0.871236205,-0.028408378,-0.029928066,0.489126503
104,56035,3,-0.234782293,1.512087703,-0.080712654,-0.311957598,-0.202682897,0.008210008,0.928188920,1,-0.078989998,-0.246760234,-0.633074701,0.870601296,-0.061794341,-0.056408174,0.484822631,1,0.053595714,-0.265241593,-0.632003009,0.868420720,-0.053046204,-0.053372804,0.490084618,1,-0.028017804,-0.330558956,-0.501780450,0.872586131,-0.032880109,-0.032106809,0.486293644
105,56131,3,-0.238488376,1.512840986,-0.077068374,-0.308540106,-0.202647284,0.011799822,0.929299653,1,-0.079154126,-0.248508498,-0.633176327,0.866227508,-0.064444870,-0.059007317,0.491950095,1,0.053227693,-0.269004524,-0.634403169,0.864795506,-0.056214448,-0.052027714,0.496247739,1,-0.028872853,-0.332138836,-0.503067851,0.869078815,-0.033825748,-0.033212435,0.492396951
106,56242,3,-0.241541743,1.513290167,-0.073639736,-0.307496428,-0.200282544,0.015591646,0.930102050,1,-0.078588262,-0.249361619,-0.638394177,0.867022634,-0.068382382,-0.061686240,0.489683956,1,0.053459749,-0.268951148,-0.634901702,0.862998247,-0.059148565,-0.054310650,0.498784333,1,-0.028821083,-0.331511259,-0.505136847,0.868591487,-0.036742240,-0.032812003,0.493074268
107,56354,3,-0.243278623,1.513341069,-0.069999889,-0.306506515,-0.200278640,0.018223142,0.930381715,1,-0.080309898,-0.247927710,-0.640179634,0.865366876,-0.069100246,-0.061761677,0.492494494,1,0.051795863,-0.269341409,-0.639400601,0.862808943,-0.060941957,-0.057630222,0.498523384,1,-0.031016365,-0.330897629,-0.507843971,0.867549002,-0.041951165,-0.039674558,0.493988574
108,56453,3,-0.243289456,1.513258815,-0.067209661,-0.308544219,-0.196719944,0.019303981,0.930445671,1,-0.078165866,-0.244766980,-0.644936681,0.867634892,-0.073742859,-0.059213772,0.488124490,1,0.053907275,-0.265744448,-0.640913725,0.863265038,-0.065493524,-0.054322604,0.497527063,1,-0.029905232,-0.327196687,-0.510452807,0.868615091,-0.042059898,-0.031001098,0.492724746
109,56562,3,-0.242511392,1.513854861,-0.065240957,-0.306588203,-0.191352382,0.016793488,0.932258487,1,-0.071683615,-0.245665580,-0.643788576,0.864065230,-0.076039642,-0.056438461,0.494392514,1,0.059997201,-0.267134309,-0.640296221,0.862719834,-0.066704273,-0.046729565,0.499080569,1,-0.025091395,-0.328469902,-0.510427296,0.867703795,-0.045265120,-0.029545072,0.494133830
110,56674,3,-0.242188692,1.513849616,-0.064574182,-0.305027544,-0.186981529,0.019491296,0.933603883,1,-0.068766721,-0.247787550,-0.642751396,0.863034546,-0.080861986,-0.052302212,0.495880216,1,0.062633015,-0.270194203,-0.638319671,0.863306880,-0.072185934,-0.046704832,0.497301757,1,-0.023746289,-0.330289364,-0.509304702,0.864173412,-0.049208466,-0.024545282,0.500180364
111,56773,2,-0.243841127,1.513622642,-0.065833390,-0.304445237,-0.174197152,0.023293123,0.936176240,1,-0.056187876,-0.249687240,-0.642376721,0.860958695,-0.092258193,-0.048382122,0.497893274,0,,,,,,,,1,-0.015195206,-0.332603753,-0.507871985,0.863495469,-0.063420504,-0.022309378,0.499855667
112,56882,2,-0.244530514,1.513405323,-0.068132825,-0.302687943,-0.166308090,0.023599587,0.938170969,1,-0.046519186,-0.253497154,-0.640690029,0.860633492,-0.098043285,-0.042084284,0.497922182,0,,,,,,,,1,-0.008240312,-0.335618407,-0.504877031,0.862403631,-0.069993101,-0.018494112,0.501017869
113,56979,2,-0.245153859,1.513366699,-0.070583098,-0.301480174,-0.161558852,0.027401082,0.939285696,1,-0.043683253,-0.257657170,-0.640347421,0.859778345,-0.103742704,-0.041875888,0.498262048,0,,,,,,,,1,-0.006808046,-0.339825332,-0.503051221,0.864269376,-0.073965475,-0.014786232,0.497341871
114,57090,2,-0.243860736,1.513372540,-0.072849929,-0.299408078,-0.160738677,0.029700246,0.940019071,1,-0.044761647,-0.262999833,-0.635377705,0.857989788,-0.106154926,-0.041709792,0.500844359,0,,,,,,,,1,-0.008594992,-0.344262689,-0.497938871,0.859089553,-0.075755894,-0.015366601,0.505954564
115,57188,2,-0.240530476,1.514039636,-0.075077660,-0.296202570,-0.161303446,0.029291824,0.940950155,1,-0.046979181,-0.268697232,-0.630857766,0.855771184,-0.104873560,-0.043332916,0.504756808,0,,,,,,,,1,-0.010160740,-0.348972976,-0.493008941,0.857228577,-0.075119630,-0.014138470,0.509231150
116,57298,2,-0.237463042,1.514191985,-0.076239780,-0.292385548,-0.159102648,0.028152091,0.942552090,1,-0.045792006,-0.273902953,-0.628379583,0.855564952,-0.105874993,-0.038939457,0.505255342,0,,,,,,,,1,-0.009639703,-0.352410078,-0.489136249,0.855041325,-0.076843865,-0.014462022,0.512630820
117,57396,2,-0.235006839,1.515273690,-0.078284964,-0.289588183,-0.157088175,0.031816978,0.943636417,1,-0.048640892,-0.280095965,-0.623292863,0.853107750,-0.108407609,-0.040772744,0.508716524,0,,,,,,,,1,-0.013127886,-0.358143687,-0.484158427,0.853384733,-0.079295978,-0.014102326,0.515022039
118,57493,2,-0.233442158,1.515262485,-0.081107415,-0.290691733,-0.156694233,0.032248482,0.943347931,1,-0.049193464,-0.280768752,-0.621597588,0.853509367,-0.110393398,-0.039029360,0.507751644,0,,,,,,,,1,-0.013960775,-0.358559579,-0.482169956,0.851188600,-0.080014743,-0.011732904,0.518592238
119,57604,2,-0.233046219,1.514684677,-0.084057443,-0.292131215,-0.151987314,0.033516161,0.943629086,1,-0.045581788,-0.279530823,-0.617757380,0.852408350,-0.114323698,-0.037900612,0.508815885,0,,,,,,,,1,-0.011737188,-0.359342426,-0.481225491,0.854648173,-0.083918452,-0.011505911,0.512251794
120,57715,2,-0.232328340,1.513954401,-0.087922364,-0.295487940,-0.146920994,0.031917825,0.943441749,1,-0.038337778,-0.278066307,-0.619470835,0.857180536,-0.119613945,-0.034523584,0.499742091,0,,,,,,,,1,-0.006378952,-0.357787281,-0.480149001,0.854589164,-0.087276705,-0.005704693,0.511886299
121,57812,2,-0.231635511,1.512447715,-0.091593608,-0.301256925,-0.144055277,0.030617151,0.942101359,1,-0.034412779,-0.271361530,-0.618489921,0.860998511,-0.121877931,-0.032942574,0.492688686,0,,,,,,,,1,-0.003697125,-0.352640450,-0.480145246,0.855674863,-0.088930264,-0.004718309,0.509793699
122,57923,2,-0.231014729,1.511145115,-0.094358839,-0.305675924,-0.144316599,0.029425627,0.940674782,1,-0.033758778,-0.266000867,-0.617519140,0.862569749,-0.120729335,-0.034598365,0.490102857,0,,,,,,,,1,-0.002839543,-0.348960876,-0.480300486,0.859181285,-0.088938095,-0.004960201,0.503858089
123,58020,2,-0.230948374,1.509924650,-0.096966065,-0.308639616,-0.144787580,0.028200755,0.939671695,1,-0.032597933,-0.262570500,-0.616236269,0.865082800,-0.121005356,-0.034597140,0.485584706,0,,,,,,,,1,-0.001697872,-0.346569955,-0.480080187,0.861698210,-0.088735014,-0.006353656,0.499561757
124,58132,2,-0.231314614,1.509246588,-0.099286869,-0.310551643,-0.143551022,0.028559057,0.939220488,1,-0.030912764,-0.261020958,-0.615235984,0.865278900,-0.122149400,-0.036209889,0.484830767,0,,,,,,,,1,-0.000331406,-0.345317185,-0.478841305,0.862042665,-0.091055073,-0.006979133,0.498540580
125,58229,2,-0.231959879,1.508871078,-0.101710141,-0.311888009,-0.143082678,0.028188791,0.938860297,1,-0.028744174,-0.260320544,-0.613701582,0.865534663,-0.123492405,-0.035966352,0.484051436,0,,,,,,,,1,0.001359407,-0.346081614,-0.479264796,0.863532782,-0.088934071,-0.002529219,0.496382356
126,58340,2,-0.232744738,1.508221507,-0.104252480,-0.312577993,-0.141867831,0.028864514,0.938794613,1,-0.026950214,-0.261445671,-0.614740193,0.867425084,-0.125702888,-0.038311247,0.479900807,0,,,,,,,,1,0.002706848,-0.346094191,-0.477635562,0.863511562,-0.092071675,-0.003612912,0.495840311
127,58451,2,-0.233536065,1.508170247,-0.105695993,-0.313143551,-0.140570432,0.029880084,0.938769519,1,-0.025511704,-0.261559993,-0.613615453,0.867709756,-0.127352521,-0.037764940,0.478993684,0,,,,,,,,1,0.003653564,-0.346795797,-0.477253467,0.863090158,-0.092193455,-0.001086137,0.496562809
128,58548,2,-0.234007135,1.508426547,-0.106550120,-0.313567102,-0.140549839,0.029696662,0.938637078,1,-0.024373390,-0.261421353,-0.611986041,0.865806758,-0.127867401,-0.039733395,0.482130498,0,,,,,,,,1,0.004644591,-0.347701371,-0.477134705,0.863853157,-0.092460416,-0.001328419,0.495183855
129,58659,2,-0.234417513,1.508483768,-0.107129894,-0.313644171,-0.139585197,0.030458920,0.938730836,1,-0.023302592,-0.262572795,-0.612991750,0.867326736,-0.128893971,-0.037456289,0.479299277,0,,,,,,,,1,0.005187746,-0.347924113,-0.476570696,0.864688575,-0.093645886,-0.003092811,0.493492186
130,58771,2,-0.234432891,1.508629084,-0.107919827,-0.313677371,-0.138437718,0.030566078,0.938886166,1,-0.021973565,-0.262672633,-0.611898780,0.866198957,-0.130114064,-0.037900262,0.480971158,0,,,,,,,,1,0.006061044,-0.347877085,-0.475317210,0.863014698,-0.095181160,-0.003751539,0.496117026
131,58868,2,-0.234133199,1.508556604,-0.108762965,-0.314059198,-0.138399139,0.030087357,0.938779652,1,-0.021768987,-0.262727022,-0.611950219,0.867244959,-0.130012155,-0.039618030,0.478971243,0,,,,,,,,1,0.006552443,-0.348667711,-0.476110548,0.864125550,-0.092519991,0.003684001,0.494685292
132,58979,2,-0.234011620,1.508540511,-0.109425589,-0.314289331,-0.138628498,0.030147400,0.938666880,1,-0.022073284,-0.262617230,-0.611181259,0.867117167,-0.130150929,-0.038520791,0.479254305,0,,,,,,,,1,0.005994733,-0.347858906,-0.474701822,0.863595366,-0.094942518,-0.004183650,0.495147943
133,59076,2,-0.233644441,1.508522630,-0.110033214,-0.314532131,-0.138097644,0.030047178,0.938666999,1,-0.021473898,-0.261429101,-0.608059824,0.864438891,-0.130746722,-0.037488822,0.483988911,0,,,,,,,,1,0.006705284,-0.348657161,-0.474937886,0.865243077,-0.095252223,-0.001044039,0.492219806
134,59187,2,-0.233160630,1.508424520,-0.110780813,-0.314939648,-0.137852922,0.028727556,0.938607633,1,-0.020594709,-0.262186736,-0.609833241,0.867877364,-0.128950998,-0.038118698,0.478233814,0,,,,,,,,1,0.007671326,-0.348656237,-0.474925250,0.865262270,-0.094498076,0.000787484,0.492331892
135,59285,2,-0.232681379,1.508348584,-0.111351185,-0.314982623,-0.138653561,0.028374236,0.938486040,1,-0.021399276,-0.261614919,-0.607923925,0.866124868,-0.129019246,-0.036518216,0.481506169,0,,,,,,,,1,0.006973077,-0.348647892,-0.474346459,0.864298344,-0.093504108,-0.001147401,0.494210571
136,59396,2,-0.232519835,1.508271098,-0.111776792,-0.314924777,-0.138610095,0.028141595,0.938518882,1,-0.021308091,-0.262049556,-0.607481718,0.865494311,-0.130046308,-0.037355211,0.482298791,0,,,,,,,,1,0.007117637,-0.348969698,-0.473908007,0.863677800,-0.093123674,0.000375778,0.495367020
137,59493,2,-0.232220680,1.508348942,-0.112557285,-0.314985037,-0.139487311,0.027634742,0.938383758,1,-0.021833427,-0.263343900,-0.609058440,0.868757665,-0.128036961,-0.038812194,0.476823121,0,,,,,,,,1,0.006913371,-0.349605799,-0.473772436,0.865380228,-0.091979451,-0.000083113,0.492602140
138,59604,2,-0.232374728,1.508370638,-0.113455787,-0.315247625,-0.140075684,0.027982619,0.938197613,1,-0.022314137,-0.262907892,-0.606882155,0.866753280,-0.127969861,-0.040330291,0.480349809,0,,,,,,,,1,0.006625932,-0.349429548,-0.472712845,0.866620719,-0.091878124,-0.001626900,0.490432769
139,59715,2,-0.232829779,1.508560896,-0.114885971,-0.315229595,-0.140108600,0.028841097,0.938172758,1,-0.022390163,-0.263557941,-0.605050385,0.865714133,-0.128213599,-0.041185394,0.482083052,0,,,,,,,,1,0.006444875,-0.350794137,-0.472078025,0.862245142,-0.091388069,-0.000267721,0.498178154
140,59812,2,-0.233116284,1.508783340,-0.116836935,-0.314906359,-0.140714735,0.029132441,0.938181579,1,-0.022437178,-0.265750676,-0.605219483,0.867096305,-0.127452180,-0.037916228,0.480064929,0,,,,,,,,1,0.006574702,-0.352412879,-0.471484154,0.865172625,-0.090414971,-0.000176242,0.493255943
141,59924,2,-0.233490035,1.508935452,-0.118147999,-0.315125138,-0.141700193,0.029806156,0.937938631,1,-0.022949139,-0.266466916,-0.604487479,0.867625535,-0.127592981,-0.039350264,0.478954643,0,,,,,,,,1,0.006103925,-0.352373302,-0.469776630,0.864682734,-0.091345876,-0.001420177,0.493940979
142,60020,2,-0.233819500,1.509134173,-0.119505569,-0.315047622,-0.142426759,0.029523693,0.937863529,1,-0.023340732,-0.264136553,-0.596948922,0.863083363,-0.126926824,-0.042612161,0.486991733,0,,,,,,,,1,0.006422877,-0.353867382,-0.469212204,0.863727570,-0.090589628,-0.003430082,0.495738298
143,60132,2,-0.233944252,1.509371758,-0.120756604,-0.314894050,-0.144105539,0.029703278,0.937652946,1,-0.024700310,-0.265502334,-0.596661806,0.864319921,-0.125288337,-0.044880260,0.485015064,0,,,,,,,,1,0.005608115,-0.354913414,-0.468668938,0.862825572,-0.089845963,-0.005153077,0.497426540
144,60229,2,-0.234261468,1.509720564,-0.121750377,-0.314757973,-0.145499766,0.030338531,0.937462986,1,-0.026193533,-0.265729636,-0.593813121,0.862872064,-0.124895081,-0.048628360,0.487327784,0,,,,,,,,1,0.004547667,-0.356171399,-0.468317956,0.863065064,-0.088293374,-0.004773427,0.497292846
145,60340,2,-0.234445781,1.509879589,-0.122647747,-0.314396441,-0.146638229,0.030698922,0.937395155,1,-0.027082782,-0.268147141,-0.596439183,0.865023196,-0.124460809,-0.049145099,0.483558834,0,,,,,,,,1,0.004185162,-0.356895477,-0.467783213,0.862994909,-0.087391652,-0.003358250,0.497585416
146,60437,2,-0.234377772,1.509807348,-0.123292983,-0.314497054,-0.147521719,0.030409046,0.937232256,1,-0.027245199,-0.267493725,-0.594288886,0.863446593,-0.124464147,-0.045348842,0.486736238,0,,,,,,,,1,0.003747929,-0.356657803,-0.466787845,0.861463964,-0.085209228,0.000216737,0.500618875
147,60548,2,-0.234256953,1.509962082,-0.123656973,-0.314416230,-0.149027094,0.030980129,0.937002480,1,-0.029702062,-0.267981887,-0.593731344,0.863157511,-0.122011341,-0.050469220,0.487365633,0,,,,,,,,1,0.002248380,-0.358288616,-0.468053877,0.865332663,-0.083960272,-0.001669980,0.494112700
148,60645,2,-0.233712569,1.510191560,-0.123748675,-0.314330816,-0.149851620,0.030836040,0.936904371,1,-0.030771889,-0.268460870,-0.594329000,0.863840938,-0.121285759,-0.049094394,0.486475468,0,,,,,,,,1,0.001269341,-0.357789844,-0.467116147,0.865780890,-0.085421093,-0.007899819,0.493015528
149,60756,2,-0.233080775,1.510349870,-0.123581864,-0.313968748,-0.150672227,0.030826708,0.936894476,1,-0.032342374,-0.269222677,-0.594840944,0.864766598,-0.121554904,-0.052020755,0.484455347,0,,,,,,,,1,0.000052642,-0.358212024,-0.466882110,0.862787426,-0.084720083,-0.007305464,0.498364359
150,60867,2,-0.232011214,1.510305166,-0.123161644,-0.314043462,-0.150329679,0.031177910,0.936912835,1,-0.033165012,-0.268530667,-0.594220698,0.864256620,-0.121798590,-0.051840015,0.485322803,0,,,,,,,,1,-0.000948340,-0.357984066,-0.466837943,0.862510681,-0.085706636,-0.008640303,0.498653263
151,60965,2,-0.230901480,1.510384917,-0.122771241,-0.314090252,-0.149436593,0.030994508,0.937046111,1,-0.033553865,-0.268320203,-0.594310760,0.863923609,-0.122410119,-0.051190615,0.485830545,0,,,,,,,,1,-0.001357013,-0.357801378,-0.466882169,0.863735259,-0.086672910,-0.006210630,0.496397704
152,61076,2,-0.229892060,1.510199904,-0.122339517,-0.314334691,-0.150253505,0.030195447,0.936859548,1,-0.034431811,-0.267939568,-0.594862580,0.864028692,-0.122246347,-0.047179770,0.486090899,0,,,,,,,,1,-0.002273867,-0.356711209,-0.466696143,0.862996399,-0.085224196,-0.006636151,0.497925758
153,61174,2,-0.229536593,1.510227799,-0.121373743,-0.314416498,-0.151890486,0.030310513,0.936564386,1,-0.037207726,-0.267084330,-0.596110463,0.864302635,-0.119797602,-0.053966351,0.485507131,0,,,,,,,,1,-0.004343210,-0.355475038,-0.467322379,0.863262832,-0.082322188,-0.005474199,0.497966260
154,61284,2,-0.229459643,1.510529399,-0.119988441,-0.313803077,-0.153919965,0.030017834,0.936448216,1,-0.039493360,-0.266262978,-0.594040275,0.861732364,-0.117120162,-0.050542392,0.491065860,0,,,,,,,,1,-0.006073667,-0.356101096,-0.468500584,0.863891900,-0.079923615,-0.007226027,0.497243226
155,61381,2,-0.229617923,1.510957599,-0.118955776,-0.311474919,-0.157131732,0.029125798,0.936720192,1,-0.041772030,-0.269340575,-0.595815241,0.862750471,-0.113314174,-0.047950201,0.490430772,0,,,,,,,,1,-0.006869093,-0.356860995,-0.467646807,0.862701237,-0.077979214,-0.010018867,0.499565303
156,61493,2,-0.230526730,1.511120677,-0.118758388,-0.311128080,-0.156633049,0.029338434,0.936912298,1,-0.040423632,-0.269199640,-0.594108760,0.861421108,-0.111960635,-0.048807114,0.492987216,0,,,,,,,,1,-0.005776510,-0.357757926,-0.467882544,0.862050176,-0.077738613,-0.007366805,0.500771284
157,61590,2,-0.231704190,1.511104465,-0.119600400,-0.311278045,-0.154756561,0.029742472,0.937161565,1,-0.038005356,-0.269895852,-0.594502091,0.861428618,-0.113837123,-0.045473244,0.492863119,0,,,,,,,,1,-0.003889874,-0.358306348,-0.467719525,0.862798572,-0.080272473,-0.007595523,0.499076456
158,61701,3,-0.232163429,1.511488914,-0.120462947,-0.310324639,-0.157492861,0.030099781,0.937010467,1,-0.040224779,-0.271043062,-0.592804790,0.860645831,-0.112800755,-0.051647838,0.493859619,1,0.088449895,-0.302156448,-0.586472511,0.854648352,-0.115767471,-0.064363897,0.502027273,1,-0.005344240,-0.359165102,-0.466389149,0.860593081,-0.076825581,-0.006731431,0.503420472
159,61812,3,-0.231638014,1.511573911,-0.120795712,-0.310355812,-0.161990747,0.028711831,0.936276615,1,-0.044773396,-0.272593528,-0.595986426,0.863986552,-0.108089462,-0.052504022,0.488965541,1,0.085724108,-0.303827822,-0.592068851,0.858772218,-0.109652013,-0.062802561,0.496530533,1,-0.008052118,-0.359002948,-0.466633916,0.859731674,-0.072517894,-0.008073291,0.505507112
160,61909,3,-0.229247466,1.511593580,-0.119970366,-0.310038686,-0.171667725,0.026821833,0.934712172,1,-0.053170066,-0.270438910,-0.591515303,0.860040486,-0.100083545,-0.055307798,0.497247100,1,0.077467263,-0.302630186,-0.593589246,0.857003987,-0.102254473,-0.065290347,0.500824809,1,-0.014103364,-0.358210027,-0.466456920,0.861347497,-0.065527454,-0.015150330,0.503544629
161,62020,3,-0.226167068,1.511937976,-0.117571764,-0.309117228,-0.180767328,0.022949267,0.933404028,1,-0.063177243,-0.270169824,-0.592480183,0.862188876,-0.089723535,-0.060014687,0.494952828,1,0.067828879,-0.299405992,-0.595090032,0.857092619,-0.091275990,-0.065387517,0.502777755,1,-0.020625040,-0.356353939,-0.466643840,0.863040388,-0.056514114,-0.023259904,0.501424551
162,62118,3,-0.223209471,1.512326241,-0.113775089,-0.307020694,-0.187957957,0.018829660,0.932767689,1,-0.070335887,-0.269674867,-0.592107892,0.860290468,-0.080855347,-0.062059883,0.499511093,1,0.060974307,-0.298089862,-0.597241402,0.857739747,-0.082667314,-0.067648165,0.502864182,1,-0.025131371,-0.356261194,-0.468385071,0.862998247,-0.047132686,-0.022869056,0.502483308
163,62229,3,-0.221868843,1.512199163,-0.110250123,-0.307766885,-0.191553369,0.016152821,0.931840062,1,-0.073813394,-0.267797977,-0.595818579,0.862598181,-0.077130824,-0.062042199,0.496110827,1,0.057908647,-0.294454962,-0.600520670,0.858282030,-0.077263817,-0.065000743,0.503147304,1,-0.027185176,-0.353941351,-0.470951796,0.865317166,-0.042920373,-0.023808597,0.498815805
164,62326,3,-0.222355172,1.512355924,-0.106340386,-0.307619691,-0.193804860,0.015409956,0.931435645,1,-0.076729506,-0.268679708,-0.605946064,0.867812097,-0.074825339,-0.057986539,0.487791866,1,0.054687373,-0.289782643,-0.600673795,0.855773628,-0.074672274,-0.068273522,0.507360220,1,-0.029089885,-0.350359350,-0.473029405,0.865058482,-0.042301778,-0.028360665,0.499079227
165,62437,3,-0.223924667,1.512543797,-0.104116946,-0.306983501,-0.191723228,0.015414879,0.932076037,1,-0.073780127,-0.267608792,-0.606770456,0.866055846,-0.075796261,-0.057537772,0.490807116,1,0.057220243,-0.291729599,-0.606738508,0.856870949,-0.077599853,-0.092798501,0.501137674,1,-0.026862172,-0.349426836,-0.474362910,0.861759007,-0.043795895,-0.027293557,0.504686356
166,62535,3,-0.225962400,1.512381911,-0.102071173,-0.307721436,-0.188966021,0.016444633,0.932378113,1,-0.070626795,-0.265092075,-0.608823657,0.865687788,-0.078767695,-0.052189279,0.491585881,1,0.061010472,-0.290139586,-0.608899713,0.858872473,-0.081390165,-0.064766690,0.501516819,1,-0.024927795,-0.348266691,-0.477492541,0.863553941,-0.047569044,-0.028042657,0.501223922
167,62645,3,-0.227383435,1.512480259,-0.100448698,-0.307389766,-0.188619792,0.017317612,0.932541788,1,-0.070304476,-0.264601290,-0.610543668,0.864827394,-0.078324184,-0.056316447,0.492714286,1,0.061332412,-0.289923310,-0.610817015,0.859350204,-0.080703199,-0.063280053,0.500998914,1,-0.024649201,-0.348356724,-0.479770333,0.865346849,-0.048605304,-0.029258221,0.497952193
168,62757,3,-0.228139564,1.512539625,-0.098638460,-0.306815684,-0.190516159,0.017151348,0.932348430,1,-0.071822591,-0.264016122,-0.611025989,0.863301218,-0.078373425,-0.054441221,0.495585233,1,0.059287891,-0.287202537,-0.608316302,0.857266307,-0.077751614,-0.065117545,0.504786015,1,-0.025731890,-0.347533137,-0.480509967,0.863457680,-0.046082512,-0.027437462,0.501562059
169,62854,3,-0.228611380,1.512461782,-0.097340703,-0.306758940,-0.191303357,0.017224668,0.932204545,1,-0.073010311,-0.263170600,-0.612310529,0.863463521,-0.077734694,-0.056546617,0.495167166,1,0.057758205,-0.285484552,-0.608268440,0.856257796,-0.076679669,-0.067586720,0.506334782,1,-0.026723281,-0.346167654,-0.481262416,0.865493357,-0.048317716,-0.032823727,0.497503072
170,62965,3,-0.228518993,1.512712955,-0.096279435,-0.306221843,-0.191119656,0.017112676,0.932420850,1,-0.072897919,-0.262931496,-0.611863375,0.862659752,-0.077713482,-0.057815123,0.496423453,1,0.057824008,-0.285424590,-0.608293951,0.855990529,-0.076832406,-0.067600779,0.506761491,1,-0.026657302,-0.346431315,-0.481918842,0.864711463,-0.046388466,-0.029145356,0.499272227
171,63063,3,-0.228075013,1.512856364,-0.095506549,-0.305692524,-0.191098139,0.016404353,0.932611644,1,-0.072910458,-0.263567477,-0.612910807,0.863038719,-0.077685669,-0.057383478,0.495818794,1,0.057907753,-0.285527229,-0.608290911,0.855997801,-0.076166831,-0.066649027,0.506975651,1,-0.026578899,-0.346283197,-0.481728613,0.864142835,-0.046480674,-0.029468874,0.500228345
172,63173,3,-0.227689430,1.512936115,-0.095117666,-0.305551291,-0.191056281,0.016068317,0.932672322,1,-0.073210627,-0.264215231,-0.614143133,0.864232063,-0.076903030,-0.057509914,0.493843585,1,0.057876475,-0.285992593,-0.609276235,0.856510937,-0.075340159,-0.064115316,0.506559193,1,-0.026731465,-0.346562415,-0.482041895,0.864855587,-0.045899075,-0.028611375,0.499098688
173,63285,3,-0.227187440,1.512972832,-0.095036842,-0.305425048,-0.190614060,0.016519293,0.932796299,1,-0.073861122,-0.265327543,-0.616020322,0.866105974,-0.078191899,-0.058583099,0.490218848,1,0.057988070,-0.287947237,-0.612444520,0.858146012,-0.075839862,-0.063182853,0.503826976,1,-0.027299594,-0.346452355,-0.481333613,0.862894177,-0.045603368,-0.028286941,0.502527535
174,63382,3,-0.226416945,1.513020039,-0.095295042,-0.305609137,-0.190917820,0.016227543,0.932678998,1,-0.074859902,-0.265260816,-0.615541875,0.865927517,-0.076874234,-0.058622036,0.490737557,1,0.057218350,-0.287475914,-0.611638248,0.857708812,-0.075657167,-0.061514743,0.504804373,1,-0.028017782,-0.347281188,-0.482118487,0.865339279,-0.045032024,-0.028724277,0.498332232
175,63493,3,-0.225578874,1.513102770,-0.095608033,-0.305679739,-0.191068977,0.016184716,0.932625651,1,-0.075381607,-0.265177399,-0.614764154,0.866695762,-0.077400327,-0.057015404,0.489486396,1,0.056694008,-0.289031774,-0.613973796,0.860233724,-0.075144224,-0.061641265,0.500551283,1,-0.028764138,-0.346392453,-0.480564624,0.862817347,-0.045796078,-0.027764754,0.502670884
176,63591,3,-0.224713236,1.513164282,-0.096137211,-0.305822194,-0.190487102,0.016295206,0.932696044,1,-0.075404733,-0.264568150,-0.612423420,0.864336491,-0.076852188,-0.056784756,0.493752629,1,0.056184888,-0.288011611,-0.610495925,0.858645618,-0.076369658,-0.062284313,0.503007114,1,-0.029000668,-0.347634852,-0.481032670,0.864613473,-0.045703404,-0.028752383,0.499527812
177,63701,3,-0.223837554,1.513226986,-0.096872598,-0.305951476,-0.190375715,0.016469775,0.932673335,1,-0.075966269,-0.264828682,-0.611262918,0.864921451,-0.077872120,-0.056518644,0.492597729,1,0.055670589,-0.287910551,-0.608313084,0.856391311,-0.078520715,-0.063854359,0.506311238,1,-0.029559527,-0.347015619,-0.479053795,0.864029646,-0.046921156,-0.029201325,0.500398397
178,63798,3,-0.222806245,1.512905598,-0.098135397,-0.307292759,-0.191167384,0.015833728,0.932081282,1,-0.077098444,-0.263732582,-0.610809803,0.864953220,-0.076404750,-0.057828300,0.492619634,1,0.054846801,-0.287716150,-0.610465169,0.860699594,-0.074336953,-0.061548017,0.499882102,1,-0.030401865,-0.346325874,-0.478787273,0.864540040,-0.044625767,-0.028544506,0.499764234
179,63909,3,-0.222346783,1.512447953,-0.099180043,-0.308547109,-0.191170678,0.016093306,0.931661665,1,-0.077585429,-0.263304889,-0.611851215,0.867763937,-0.077704288,-0.055378925,0.487730503,1,0.053586639,-0.284349203,-0.605594039,0.857191086,-0.076274790,-0.065571129,0.505080223,1,-0.030871095,-0.345837682,-0.479120702,0.865660667,-0.046301886,-0.030287469,0.497564465
180,64021,3,-0.221783429,1.512234092,-0.100301251,-0.309285164,-0.191274449,0.016305501,0.931391895,1,-0.078250386,-0.262490481,-0.609973669,0.866787434,-0.075515427,-0.058324095,0.489464343,1,0.053428158,-0.284462154,-0.605747461,0.858131826,-0.074949630,-0.062393658,0.504082680,1,-0.031320941,-0.345118791,-0.477829665,0.864945292,-0.045430593,-0.028118923,0.499014080
181,64122,3,-0.221132189,1.512071013,-0.101495668,-0.309794843,-0.191463605,0.016020123,0.931188643,1,-0.078163236,-0.261923999,-0.608228207,0.866410553,-0.075757153,-0.058368929,0.490088463,1,0.053356238,-0.284320474,-0.605124474,0.860047996,-0.074494593,-0.063312799,0.500758946,1,-0.031455763,-0.344958663,-0.476716638,0.864710569,-0.043551769,-0.026738301,0.499663770
182,64229,3,-0.220881388,1.511933446,-0.102519989,-0.310277045,-0.191851899,0.016031982,0.930947900,1,-0.078315809,-0.261972129,-0.607997656,0.866825640,-0.076888397,-0.057115633,0.489325345,1,0.053097963,-0.284242630,-0.604565501,0.860412896,-0.074414983,-0.064206973,0.500029624,1,-0.031578891,-0.345077634,-0.476328164,0.866705060,-0.044502910,-0.030285444,0.495907873
183,64326,3,-0.220664248,1.511129379,-0.104052521,-0.311068147,-0.192380533,0.016261231,0.930570722,1,-0.078790724,-0.261180520,-0.605580688,0.865647972,-0.076129213,-0.058569856,0.491352737,1,0.052732229,-0.284672707,-0.605223477,0.861105919,-0.075848751,-0.065775499,0.498414725,1,-0.031743322,-0.345595837,-0.476462334,0.866747141,-0.046235561,-0.032168783,0.495557070
184,64437,3,-0.220975772,1.511147022,-0.105278961,-0.311717063,-0.192698374,0.016163902,0.930289507,1,-0.078679666,-0.260969907,-0.605278730,0.866550744,-0.075261608,-0.058730457,0.489873677,1,0.053035200,-0.283923447,-0.604203463,0.862370431,-0.073522463,-0.061576623,0.497111708,1,-0.031438425,-0.344916612,-0.475322634,0.866742551,-0.045105863,-0.031530049,0.495710343
185,64548,3,-0.221745029,1.511055827,-0.106598318,-0.312445760,-0.193091139,0.017289303,0.929943323,1,-0.078786150,-0.261024982,-0.605054557,0.867535651,-0.076020233,-0.059807487,0.487879068,1,0.052685589,-0.283698559,-0.603050947,0.860483408,-0.075093552,-0.066884570,0.499455512,1,-0.031639684,-0.345676333,-0.475670904,0.866588891,-0.045124669,-0.033064526,0.495877177
186,64645,3,-0.222938910,1.510944366,-0.107778057,-0.312864453,-0.192115828,0.018082114,0.929989457,1,-0.076620281,-0.261912733,-0.606638312,0.869297683,-0.077968679,-0.061141387,0.484256357,1,0.055270538,-0.285383373,-0.604984283,0.864436388,-0.076085351,-0.065164097,0.492660522,1,-0.029944656,-0.345012903,-0.474271864,0.864052951,-0.045849346,-0.029091245,0.500463724
187,64756,3,-0.224108264,1.510774255,-0.108972542,-0.312953711,-0.190922305,0.018189864,0.930203080,1,-0.074259065,-0.262510836,-0.607036471,0.870435476,-0.080282807,-0.061840259,0.481739134,1,0.057441093,-0.286107272,-0.604538858,0.862654030,-0.077633508,-0.063659422,0.495730340,1,-0.027928168,-0.345193595,-0.473802149,0.865999341,-0.046979789,-0.029982170,0.496929735
188,64854,3,-0.225540087,1.510340214,-0.110205621,-0.313447207,-0.190230265,0.018416507,0.930174232,1,-0.071762204,-0.261762410,-0.604818940,0.868357182,-0.080827780,-0.059432074,0.485685647,1,0.059765711,-0.285956711,-0.603248239,0.863301396,-0.078172736,-0.065512769,0.494275093,1,-0.026022321,-0.345667362,-0.473356038,0.864370883,-0.048067633,-0.029618109,0.499675125
189,64965,3,-0.227389082,1.510279417,-0.111643098,-0.313249886,-0.187216863,0.020568775,0.930806816,1,-0.068466097,-0.262879223,-0.604460180,0.868194044,-0.082041673,-0.059123121,0.485811412,1,0.063093469,-0.287648737,-0.602632880,0.864127755,-0.081119090,-0.066424817,0.492230386,1,-0.023603646,-0.347504497,-0.473881900,0.866208434,-0.051674552,-0.028591275,0.496180624
190,65062,3,-0.228899017,1.510258913,-0.112915359,-0.313523352,-0.187042758,0.021208299,0.930735350,1,-0.067255832,-0.263366699,-0.605234504,0.869267344,-0.082995728,-0.059387267,0.483693242,1,0.064409055,-0.288613796,-0.603586376,0.864200234,-0.082935698,-0.065218821,0.491961479,1,-0.022658926,-0.347881585,-0.473780870,0.865870178,-0.051138956,-0.026697773,0.496931523
191,65173,3,-0.230176330,1.510098577,-0.113821387,-0.314445138,-0.187006995,0.022020007,0.930412710,1,-0.066658907,-0.262552708,-0.605122030,0.868845165,-0.084826693,-0.059209205,0.484155744,1,0.064790219,-0.287185878,-0.602281868,0.864961684,-0.081210613,-0.061511107,0.491388321,1,-0.022064764,-0.347623795,-0.474371672,0.868535817,-0.053112522,-0.029929129,0.491862655
192,65285,3,-0.230758041,1.509967804,-0.113749899,-0.314626962,-0.187124923,0.022398854,0.930318475,1,-0.066648930,-0.261745930,-0.604328156,0.867813230,-0.084011681,-0.060265496,0.486014724,1,0.064800248,-0.287293226,-0.603109717,0.865505576,-0.080987304,-0.061021902,0.490527779,1,-0.022145789,-0.347460955,-0.474807233,0.866085708,-0.052520871,-0.029247340,0.496267825
193,65381,3,-0.230981171,1.510126948,-0.112911187,-0.314233959,-0.188197911,0.021945480,0.930245638,1,-0.067270964,-0.262367129,-0.605787039,0.868808746,-0.083683625,-0.062114209,0.484056115,1,0.064071611,-0.287491590,-0.604161799,0.862927020,-0.081018604,-0.062979527,0.494799435,1,-0.022433151,-0.347118199,-0.474706650,0.866305888,-0.051111151,-0.027400458,0.496136039
194,65494,3,-0.231401548,1.510316730,-0.112504080,-0.313909799,-0.186441183,0.021900184,0.930709779,1,-0.065042287,-0.262539059,-0.606019497,0.868263304,-0.084885634,-0.057714332,0.485368222,1,0.066031836,-0.286751151,-0.602190971,0.864069223,-0.081562050,-0.060301006,0.493047506,1,-0.020951109,-0.346980780,-0.474433273,0.864369333,-0.052704502,-0.026725499,0.499373317
195,65604,3,-0.231887847,1.510605216,-0.112274423,-0.313224405,-0.185626909,0.022491908,0.931089282,1,-0.064529717,-0.263070911,-0.605613470,0.867245913,-0.084430106,-0.060079277,0.486977011,1,0.067225024,-0.289772928,-0.606026769,0.865863502,-0.084226228,-0.062692605,0.489138007,1,-0.020433927,-0.347854376,-0.474811167,0.867682397,-0.054506168,-0.026953487,0.493386149
196,65701,3,-0.232446447,1.510555744,-0.112516493,-0.313003778,-0.184459880,0.023175448,0.931378603,1,-0.063235283,-0.263973951,-0.606858730,0.868147075,-0.085354686,-0.060254652,0.485185117,1,0.068054520,-0.288996220,-0.603047132,0.863660932,-0.083552822,-0.062562168,0.493147820,1,-0.019516464,-0.348679900,-0.475243241,0.866853237,-0.055750135,-0.026108956,0.494748145
197,65812,3,-0.232715487,1.509997845,-0.113113336,-0.313469440,-0.183297798,0.023710027,0.931437969,1,-0.062140930,-0.263179839,-0.606298447,0.868095279,-0.087323919,-0.057967797,0.485206038,1,0.068911307,-0.288248330,-0.601894319,0.861298144,-0.085749492,-0.062088773,0.496948242,1,-0.018935949,-0.347868264,-0.474795461,0.864962220,-0.056511208,-0.025815442,0.497976303
198,65924,3,-0.233165339,1.509684443,-0.113041282,-0.313847601,-0.182349548,0.024653777,0.931472242,1,-0.061876610,-0.262646168,-0.606211364,0.867241263,-0.087995678,-0.061027966,0.486235559,1,0.069454983,-0.288566679,-0.603336155,0.864475250,-0.086073503,-0.062638178,0.491274208,1,-0.018901609,-0.347749770,-0.475233227,0.868361592,-0.057418581,-0.025915628,0.491914332
199,66020,3,-0.233307347,1.509795070,-0.112947740,-0.313610941,-0.181669042,0.024620604,0.931685805,1,-0.060737394,-0.262518734,-0.605259717,0.867446601,-0.088753358,-0.060852002,0.485753238,1,0.070031330,-0.288235009,-0.601084769,0.861843228,-0.087388843,-0.060685385,0.495889813,1,-0.018262465,-0.348210782,-0.475102693,0.865741670,-0.057722762,-0.023437100,0.496598601
200,66132,3,-0.232991293,1.509651899,-0.113280855,-0.314026564,-0.181554452,0.024570750,0.931569397,1,-0.060777564,-0.259692222,-0.599864602,0.864826798,-0.089685567,-0.064392529,0.489780277,1,0.070018098,-0.288044810,-0.600825727,0.862060368,-0.087458834,-0.059962712,0.495587856,1,-0.018301237,-0.348123610,-0.475047767,0.865420759,-0.057939123,-0.024467349,0.497082829
201,66229,3,-0.232259512,1.509657502,-0.114104345,-0.313846439,-0.181869894,0.024240462,0.931577265,1,-0.061483487,-0.260054767,-0.598809779,0.864255548,-0.089578569,-0.057831306,0.491623402,1,0.069610342,-0.288482636,-0.600875139,0.863482296,-0.087045617,-0.060142145,0.493157476,1,-0.018738529,-0.347754121,-0.473560780,0.866816938,-0.056809511,-0.025512466,0.494722337
202,66340,3,-0.230989337,1.509747744,-0.114838757,-0.313664228,-0.186396033,0.024274137,0.930742741,1,-0.067135744,-0.260770649,-0.597384095,0.864443064,-0.086043365,-0.063379839,0.491241097,1,0.064502090,-0.289562911,-0.602035701,0.865248799,-0.082829937,-0.061144032,0.490657866,1,-0.023070076,-0.348673403,-0.472792417,0.865489185,-0.052727506,-0.026900409,0.497418046
203,66438,3,-0.229335651,1.510226965,-0.116520770,-0.313277274,-0.191576153,0.026825741,0.929750681,1,-0.074616872,-0.262797743,-0.594752133,0.864140213,-0.083852887,-0.068874151,0.491412997,1,0.056533940,-0.291383803,-0.599920213,0.863730252,-0.080006026,-0.065466188,0.493237555,1,-0.029394709,-0.350701362,-0.470702559,0.864198804,-0.051692184,-0.033910308,0.499338031
204,66549,3,-0.227975547,1.509741783,-0.118542813,-0.314287812,-0.187837526,0.025155479,0.930219054,1,-0.070267752,-0.262801856,-0.594019115,0.864232183,-0.085333616,-0.066946991,0.491262764,1,0.061245419,-0.290786594,-0.597301424,0.866046011,-0.080635607,-0.062209666,0.489481568,1,-0.025748389,-0.350028813,-0.468548775,0.864907324,-0.054621086,-0.031463496,0.497957826
205,66646,3,-0.226757646,1.508991003,-0.119721428,-0.315558970,-0.183254912,0.024776679,0.930712819,1,-0.066431075,-0.261061668,-0.593243241,0.865228474,-0.088780753,-0.063943759,0.489294291,1,0.064829744,-0.289189398,-0.595225990,0.864150822,-0.085358948,-0.060468122,0.492240608,1,-0.023109226,-0.348947167,-0.468120247,0.865185738,-0.058265164,-0.028707812,0.497226983
206,66757,3,-0.226095006,1.509276509,-0.119573645,-0.314948618,-0.179123700,0.023761256,0.931749701,1,-0.062095392,-0.262293220,-0.592578173,0.864618301,-0.091151126,-0.057087407,0.490782708,1,0.069263473,-0.291854620,-0.595357299,0.865027666,-0.086898051,-0.054541599,0.491122305,1,-0.020214558,-0.350289851,-0.467555672,0.864317596,-0.059905868,-0.022424053,0.498862207
207,66854,3,-0.224716842,1.510362625,-0.118987031,-0.311506361,-0.177928597,0.023465747,0.933142304,1,-0.061982222,-0.266757280,-0.590238273,0.862268806,-0.090660684,-0.056413624,0.495066345,1,0.069125965,-0.295804262,-0.592594683,0.865126729,-0.087204598,-0.056473885,0.490674853,1,-0.020184780,-0.354578286,-0.466076672,0.863401294,-0.056668449,-0.015737047,0.501078188
208,66965,3,-0.221503124,1.510662317,-0.120134346,-0.310831755,-0.184189543,0.019568013,0.932241917,1,-0.067420408,-0.268495619,-0.589126050,0.862646222,-0.084860936,-0.059643656,0.495058358,1,0.062592439,-0.292172194,-0.585681677,0.861594141,-0.081518129,-0.063643575,0.496950537,1,-0.023470737,-0.354777634,-0.463941842,0.861425698,-0.050371166,-0.019124066,0.505017698
209,67076,3,-0.219070792,1.510574102,-0.121833488,-0.310908556,-0.187408939,0.018947067,0.931587219,1,-0.071726456,-0.269079775,-0.586691499,0.863133430,-0.081763357,-0.063136540,0.494296730,1,0.058967181,-0.293641657,-0.586405158,0.863331974,-0.078027487,-0.062893324,0.494584680,1,-0.026563704,-0.355860591,-0.462433100,0.862682879,-0.046445161,-0.019473853,0.503231466
210,67173,3,-0.215862587,1.510414124,-0.124240085,-0.311569035,-0.189918339,0.018994041,0.930857122,1,-0.075717129,-0.269727260,-0.584091723,0.865123808,-0.079420187,-0.064149193,0.491058141,1,0.055907696,-0.295654953,-0.586856067,0.865046978,-0.076357134,-0.059471976,0.492266625,1,-0.029739274,-0.357006013,-0.460528195,0.863750398,-0.046179384,-0.022373199,0.501300514
211,67284,3,-0.213367656,1.509750128,-0.126142219,-0.314105988,-0.188267514,0.017597888,0.930367172,1,-0.075279221,-0.267392814,-0.581946194,0.865096331,-0.079689868,-0.062233094,0.491309434,1,0.055939347,-0.293458849,-0.585111797,0.865792155,-0.076074913,-0.058417957,0.491125166,1,-0.029854774,-0.355632722,-0.459748477,0.866239488,-0.046376873,-0.021671103,0.496999681
212,67382,3,-0.210326761,1.509305477,-0.127954349,-0.314147055,-0.190632209,0.016888775,0.929884791,1,-0.078709379,-0.267669320,-0.578773260,0.865842164,-0.077942289,-0.067515247,0.489575326,1,0.052854307,-0.294257522,-0.583927691,0.866908908,-0.074584253,-0.061010491,0.489064306,1,-0.032337654,-0.355475634,-0.456736714,0.862617314,-0.044514183,-0.024489006,0.503299296
213,67479,2,-0.209289059,1.509018898,-0.129600182,-0.315427929,-0.188635811,0.016795561,0.929860055,1,-0.077286996,-0.268511415,-0.581080019,0.870521903,-0.081988022,-0.067855887,0.480484307,1,0.054349542,-0.293606818,-0.582010984,0.866243541,-0.076036692,-0.058437407,0.490332186,0,,,,,,,
214,67590,2,-0.209198311,1.508799434,-0.131386161,-0.315599263,-0.183092073,0.016342638,0.930917501,1,-0.071055442,-0.267478943,-0.576502800,0.866151214,-0.084720038,-0.065617353,0.488158762,1,0.060314119,-0.296730757,-0.582291245,0.864048898,-0.072649434,-0.045206461,0.496082574,0,,,,,,,
215,67687,2,-0.209233940,1.508658528,-0.134020329,-0.316219032,-0.180105731,0.017728668,0.931264281,1,-0.068630442,-0.268228918,-0.574859977,0.867989242,-0.090309367,-0.067299508,0.483642161,1,0.062638409,-0.296657979,-0.578330576,0.868332028,-0.082596980,-0.053896707,0.486078531,0,,,,,,,
216,67798,2,-0.209207892,1.508473635,-0.136380345,-0.316967666,-0.177879810,0.017448299,0.931442916,1,-0.066174552,-0.267722070,-0.572708309,0.867599070,-0.092440166,-0.072764292,0.483148038,1,0.065039307,-0.296480417,-0.575797141,0.867210448,-0.083952047,-0.053977977,0.487836570,0,,,,,,,
217,67895,2,-0.208961472,1.508088827,-0.138694629,-0.317844570,-0.176296487,0.017406352,0.931445837,1,-0.064107053,-0.268861055,-0.572692156,0.869669855,-0.094149806,-0.065682225,0.480100036,1,0.067193538,-0.297523856,-0.574929237,0.869276464,-0.086564548,-0.052171428,0.483883470,0,,,,,,,
218,68006,2,-0.207986891,1.507667780,-0.139761701,-0.319439113,-0.176807329,0.018486006,0.930782557,1,-0.066275313,-0.266428769,-0.569617510,0.869087934,-0.094999686,-0.074125476,0.479756862,1,0.064612269,-0.295588255,-0.572705328,0.868857145,-0.085836262,-0.053124867,0.484661937,0,,,,,,,
219,68117,2,-0.206354156,1.508114100,-0.140004918,-0.319092065,-0.177261397,0.018257461,0.930819690,1,-0.067705378,-0.266780317,-0.568125725,0.870577931,-0.095691130,-0.076404668,0.476549655,1,0.063348584,-0.297400832,-0.574153066,0.871815741,-0.084459238,-0.052364293,0.479647726,0,,,,,,,
220,68215,2,-0.204633653,1.508368969,-0.138854906,-0.319089264,-0.178555638,0.018442988,0.930569589,1,-0.071031496,-0.267038852,-0.569228470,0.870436609,-0.095306613,-0.077693723,0.476676494,1,0.060059533,-0.296803832,-0.573950708,0.871093512,-0.084730700,-0.053294506,0.480808198,0,,,,,,,
221,68326,2,-0.203088492,1.508698940,-0.137029141,-0.318236679,-0.179320857,0.017381109,0.930734813,1,-0.072658256,-0.267684698,-0.570719063,0.870983481,-0.093983769,-0.074061595,0.476518303,1,0.058321245,-0.296465635,-0.574340045,0.869871378,-0.082697265,-0.051422462,0.483570755,0,,,,,,,
222,68423,2,-0.201488242,1.509391069,-0.134684935,-0.316439331,-0.181971923,0.014870246,0.930876613,1,-0.075099736,-0.268011063,-0.569694817,0.869969428,-0.090085492,-0.077219538,0.478617787,1,0.056071654,-0.296463698,-0.574864864,0.869535327,-0.077978164,-0.050010949,0.485104799,0,,,,,,,
223,68534,2,-0.200466797,1.509626508,-0.132922366,-0.315918118,-0.183659598,0.013335385,0.930745482,1,-0.076679528,-0.267848819,-0.570245147,0.869381011,-0.087756909,-0.074714251,0.480513483,1,0.053975545,-0.294754475,-0.574224114,0.869225860,-0.076831236,-0.054254938,0.485386223,0,,,,,,,
224,68632,2,-0.199716315,1.510026932,-0.131051391,-0.314547479,-0.185073331,0.012295499,0.930943906,1,-0.077888943,-0.267852545,-0.569897413,0.868955553,-0.086985856,-0.078783423,0.480773211,1,0.052606232,-0.294619143,-0.574236214,0.868019760,-0.075654097,-0.054297339,0.487719148,0,,,,,,,
225,68743,2,-0.199156329,1.510134220,-0.129466966,-0.313973874,-0.185642466,0.010975991,0.931040704,1,-0.078399204,-0.268573910,-0.572078705,0.869764268,-0.084900297,-0.080061950,0.479470640,1,0.053010792,-0.295770943,-0.577877641,0.869378090,-0.073350608,-0.053147007,0.485774457,0,,,,,,,
226,68840,2,-0.198382959,1.510088682,-0.128532514,-0.313136607,-0.186800420,0.009630398,0.931105971,1,-0.078965649,-0.267757744,-0.570749283,0.868453562,-0.084647551,-0.078864619,0.482082635,1,0.051691204,-0.294046760,-0.575995564,0.866810262,-0.072347574,-0.051868565,0.490627676,0,,,,,,,
227,68951,2,-0.198532283,1.510357141,-0.127050370,-0.312287867,-0.186531633,0.009120500,0.931450009,1,-0.078809507,-0.268188953,-0.571326196,0.868013263,-0.084016301,-0.081427045,0.482559711,1,0.052808642,-0.296313614,-0.579634547,0.868695438,-0.071398363,-0.046387285,0.487974197,0,,,,,,,
228,69048,2,-0.198252365,1.510541081,-0.126116425,-0.311564654,-0.186519593,0.008950503,0.931696177,1,-0.078943446,-0.269149572,-0.572354376,0.868415177,-0.083115555,-0.077385604,0.482657641,1,0.052786671,-0.297099829,-0.580777884,0.869698644,-0.070379525,-0.045740817,0.486393631,0,,,,,,,
229,69159,2,-0.197966278,1.510674477,-0.125446960,-0.311287671,-0.187228397,0.008094383,0.931654453,1,-0.080182016,-0.276839852,-0.585371077,0.870098233,-0.072659068,-0.035172518,0.486222893,1,0.051913843,-0.296073556,-0.579413831,0.867259502,-0.070005953,-0.048783869,0.490489811,0,,,,,,,
230,69257,2,-0.197915792,1.510838032,-0.124799132,-0.311082304,-0.187816963,0.008120165,0.931604326,1,-0.080761075,-0.270333409,-0.574898481,0.869956672,-0.081741534,-0.079015560,0.479844034,1,0.050562397,-0.295163631,-0.578119516,0.866768837,-0.069930270,-0.050413426,0.491202593,0,,,,,,,
231,69368,2,-0.197779387,1.511240363,-0.124277957,-0.310089916,-0.187994421,0.008120502,0.931899369,1,-0.081558228,-0.276712149,-0.582772493,0.867287338,-0.070292771,-0.041908108,0.491034985,1,0.050674178,-0.297366619,-0.579666257,0.867317557,-0.068867303,-0.047386155,0.490685344,0,,,,,,,
232,69465,2,-0.197399959,1.511500120,-0.123811431,-0.309082776,-0.189153209,0.008149107,0.931999207,1,-0.082904130,-0.277759194,-0.582308590,0.867189944,-0.069195427,-0.038109329,0.491671950,1,0.049341068,-0.298221260,-0.579770207,0.868079305,-0.067132264,-0.050828777,0.489232123,0,,,,,,,
233,69576,2,-0.196945384,1.511439085,-0.123558171,-0.309286803,-0.189200416,0.007628485,0.931926310,1,-0.082199201,-0.270593524,-0.571815193,0.867841601,-0.081242181,-0.081903696,0.483262271,1,0.049296372,-0.297321916,-0.578974068,0.865809381,-0.068205446,-0.048528235,0.493322581,0,,,,,,,
234,69673,2,-0.196941242,1.511484742,-0.123079248,-0.308797747,-0.189228609,0.007305816,0.932085335,1,-0.082104504,-0.270328492,-0.570984125,0.867815375,-0.081265509,-0.083628483,0.483010054,1,0.049257867,-0.297319889,-0.578808486,0.866174936,-0.068022303,-0.048691530,0.492689699,0,,,,,,,
235,69784,2,-0.197047800,1.511800289,-0.122921199,-0.307702661,-0.189933226,0.007314899,0.932304084,1,-0.082687609,-0.273086190,-0.572725534,0.867921591,-0.079219140,-0.075524740,0.484491974,1,0.048244782,-0.297009975,-0.575869501,0.864472091,-0.067620628,-0.051650640,0.495426774,0,,,,,,,
236,69882,2,-0.197513074,1.511742115,-0.122855589,-0.307528883,-0.191280946,0.007703034,0.932082772,1,-0.083584860,-0.272733301,-0.571775913,0.866974592,-0.078353323,-0.080346107,0.485551596,1,0.047732636,-0.299809366,-0.579649508,0.861725628,-0.059916258,-0.039615344,0.502264500,0,,,,,,,
237,69994,2,-0.198660016,1.511996269,-0.122566685,-0.306573868,-0.189990327,0.008827304,0.932651162,1,-0.082973272,-0.280354768,-0.582162917,0.864883065,-0.069578990,-0.039680477,0.495541602,1,0.049008884,-0.301385373,-0.579980135,0.860853374,-0.061202955,-0.038962025,0.503654420,0,,,,,,,
238,70104,2,-0.199577108,1.512358785,-0.121728636,-0.305437952,-0.189282343,0.009153809,0.933164537,1,-0.081300870,-0.274368167,-0.571301937,0.865257859,-0.081927173,-0.082033016,0.487736970,1,0.049556158,-0.300860643,-0.577961385,0.864342451,-0.069622852,-0.053780116,0.495148957,0,,,,,,,
239,70215,2,-0.199060693,1.513402700,-0.120191231,-0.302465290,-0.192742646,0.011204968,0.933402121,1,-0.086839661,-0.278281599,-0.571148336,0.863847494,-0.081599630,-0.086843275,0.489456117,1,0.044336155,-0.305517912,-0.579291463,0.862187386,-0.067701370,-0.053249471,0.499213278,0,,,,,,,
240,70315,2,-0.196443692,1.513666511,-0.118948378,-0.298640251,-0.201863110,0.008033624,0.932738304,1,-0.095148429,-0.282126784,-0.568500578,0.862467647,-0.071330868,-0.088985510,0.493095398,1,0.036080152,-0.307986051,-0.578843474,0.862036943,-0.059141051,-0.058023255,0.500028074,0,,,,,,,
241,70422,2,-0.195059463,1.514112830,-0.118361175,-0.296519607,-0.209948778,0.007463346,0.931634009,1,-0.102920465,-0.286174357,-0.567984581,0.862707257,-0.064299449,-0.087825254,0.493850708,1,0.028558493,-0.309712082,-0.577937543,0.860798299,-0.053201806,-0.062766515,0.502251208,0,,,,,,,
242,70534,2,-0.196696848,1.515322566,-0.118245944,-0.291580856,-0.212323770,0.008496608,0.932645202,1,-0.103717059,-0.291913658,-0.565307260,0.860102355,-0.063419215,-0.090254717,0.498052269,1,0.027628757,-0.314588666,-0.574063301,0.856520116,-0.051695626,-0.066997424,0.509128928,0,,,,,,,
243,70632,2,-0.201089114,1.516151547,-0.117918491,-0.288286686,-0.206916869,0.014922357,0.934801340,1,-0.099568509,-0.294871926,-0.563543022,0.856242657,-0.072488941,-0.093854956,0.502777457,1,0.030948609,-0.319962442,-0.572130203,0.854113817,-0.059277777,-0.064471371,0.512658894,0,,,,,,,
244,70743,2,-0.205158874,1.516377926,-0.117252015,-0.287815392,-0.199830920,0.019308288,0.936406493,1,-0.093648598,-0.296483755,-0.566937506,0.854827464,-0.077351220,-0.086868659,0.505708158,1,0.037554257,-0.325870574,-0.577852368,0.851306081,-0.060511544,-0.050653186,0.518700719,0,,,,,,,
245,70854,2,-0.207490399,1.516844749,-0.116170824,-0.286463648,-0.197915375,0.021563120,0.937178254,1,-0.092547745,-0.299176484,-0.569522858,0.854007483,-0.079467058,-0.082294293,0.507527292,1,0.038196780,-0.324935317,-0.574366391,0.852872789,-0.068434335,-0.062953271,0.513772070,0,,,,,,,
246,70951,2,-0.207031250,1.517064929,-0.115553185,-0.286153585,-0.199799582,0.021528296,0.936873972,1,-0.094902322,-0.300471783,-0.571528673,0.854136229,-0.076352142,-0.078392163,0.508405566,1,0.036698647,-0.327152967,-0.578588188,0.855068803,-0.066851236,-0.058766305,0.510817826,0,,,,,,,
247,71063,2,-0.206172585,1.516905904,-0.115364909,-0.286049306,-0.200044990,0.019859040,0.936890304,1,-0.094312266,-0.298340172,-0.568810403,0.853497148,-0.078277014,-0.086442977,0.507880747,1,0.036842503,-0.325249910,-0.576379120,0.853518486,-0.065982714,-0.061714530,0.513170421,0,,,,,,,
248,71173,2,-0.205826208,1.516974688,-0.115728192,-0.285942405,-0.198596537,0.018413879,0.937260509,1,-0.091689110,-0.298090756,-0.568188250,0.853804171,-0.078660138,-0.085549861,0.507456660,1,0.039549649,-0.325241238,-0.575975180,0.853380442,-0.066164941,-0.056104019,0.514019907,0,,,,,,,
249,71285,2,-0.205938026,1.517057776,-0.115866035,-0.286236018,-0.198096484,0.018928781,0.937266469,1,-0.091386087,-0.297930717,-0.567736626,0.854039252,-0.078314193,-0.083408780,0.507470965,1,0.039561406,-0.325038254,-0.575515687,0.853715479,-0.067092508,-0.057814319,0.513152957,0,,,,,,,
250,71382,2,-0.206113711,1.517285585,-0.115849063,-0.285525888,-0.197547853,0.019780273,0.937581241,1,-0.091753066,-0.299111724,-0.567814231,0.853274941,-0.079714544,-0.084666528,0.508329809,1,0.039324924,-0.326496154,-0.575343966,0.852834880,-0.068199411,-0.057054020,0.514554501,0,,,,,,,
251,71493,2,-0.205473319,1.517413735,-0.116061285,-0.285526633,-0.199000299,0.019406913,0.937281609,1,-0.093301192,-0.299843460,-0.568017721,0.855026186,-0.078903571,-0.087024584,0.505105078,1,0.038041271,-0.327134430,-0.575821996,0.853877544,-0.066797286,-0.061331101,0.512513161,0,,,,,,,
252,71604,2,-0.204542354,1.517316341,-0.116712630,-0.285414070,-0.199128434,0.018983282,0.937297344,1,-0.093367830,-0.299355865,-0.565584779,0.852647960,-0.077857658,-0.085293263,0.509563148,1,0.037651896,-0.328688592,-0.576254308,0.849620819,-0.057691332,-0.046315216,0.522179008,0,,,,,,,
253,71715,2,-0.203593105,1.516942024,-0.117560163,-0.285669595,-0.198943630,0.018289350,0.937272549,1,-0.093293890,-0.299676567,-0.565350115,0.853516340,-0.078470446,-0.087189727,0.507691085,1,0.038069241,-0.327217311,-0.573947549,0.854186773,-0.066356778,-0.057860132,0.512458801,0,,,,,,,
254,71813,2,-0.202324837,1.516656280,-0.118721433,-0.285684943,-0.198851764,0.018053081,0.937291920,1,-0.093347289,-0.300003588,-0.563663304,0.854022086,-0.078214608,-0.086476922,0.507001519,1,0.038071632,-0.327610463,-0.572750866,0.856265843,-0.064887419,-0.056920104,0.509272635,0,,,,,,,
255,71923,2,-0.200532019,1.516244888,-0.120230392,-0.286138594,-0.198001072,0.016603896,0.937360466,1,-0.092834331,-0.299333811,-0.561413109,0.854095280,-0.079050973,-0.088249236,0.506442785,1,0.037970610,-0.325388789,-0.568130970,0.852224112,-0.066952199,-0.063095123,0.515024900,0,,,,,,,
256,72021,2,-0.197520196,1.515510201,-0.122365922,-0.287304103,-0.201330438,0.015438338,0.936314106,1,-0.098447978,-0.306811571,-0.570540488,0.855885804,-0.063420191,-0.045434061,0.511246681,1,0.034081534,-0.326122999,-0.569484651,0.856840193,-0.061014842,-0.055894997,0.508898556,0,,,,,,,
257,72132,2,-0.193126872,1.515268207,-0.123743795,-0.288999915,-0.212934181,0.012662380,0.933261871,1,-0.110651098,-0.305374086,-0.566195130,0.856947660,-0.052264128,-0.052625660,0.510038972,1,0.021870460,-0.324091703,-0.569518745,0.856703818,-0.052240212,-0.064737089,0.509056747,0,,,,,,,
258,72229,2,-0.184977889,1.515303016,-0.125807703,-0.288737774,-0.240696102,0.011806655,0.926583230,1,-0.143042088,-0.309774518,-0.559380472,0.862152517,-0.032557443,-0.072261214,0.500411212,1,-0.009364236,-0.325191617,-0.568559349,0.861832738,-0.027362809,-0.075180486,0.500842869,0,,,,,,,
259,72340,2,-0.174907625,1.513981581,-0.128283292,-0.290654004,-0.263971388,0.014774305,0.919576585,1,-0.174604863,-0.308492124,-0.545753598,0.860809207,-0.017219640,-0.092450231,0.500163794,1,-0.041270781,-0.322388768,-0.560416639,0.857178807,-0.013086412,-0.096977986,0.505636871,0,,,,,,,
260,72451,2,-0.161201715,1.511868596,-0.133701146,-0.293575376,-0.285853565,0.019359509,0.911990345,1,-0.208426267,-0.311121970,-0.531609058,0.868978620,-0.013740709,-0.122533932,0.479241878,1,-0.074161492,-0.319368184,-0.544182301,0.854950428,0.004462631,-0.109292679,0.507045329,0,,,,,,,
261,72563,2,-0.142642811,1.507120013,-0.142202452,-0.294791430,-0.293876857,0.029707214,0.908763945,1,-0.230341628,-0.302408427,-0.495657951,0.843656003,-0.018899359,-0.154394984,0.513857543,1,-0.100516178,-0.321580470,-0.523038030,0.852805614,0.004223858,-0.122657642,0.507602036,0,,,,,,,
262,72687,2,-0.114028819,1.499627948,-0.149514645,-0.296228915,-0.305577278,0.036806520,0.904166043,1,-0.266058326,-0.314291358,-0.485771239,0.865936399,-0.018716162,-0.157964423,0.474184662,1,-0.132159665,-0.328031093,-0.506698489,0.845559657,-0.003170486,-0.165648222,0.507523000,0,,,,,,,
263,72799,1,-0.075006537,1.487581134,-0.155507535,-0.287588000,-0.326819152,0.038905423,0.899426937,0,,,,,,,,1,-0.175139397,-0.328664571,-0.454003900,0.846427083,0.028177584,-0.137372851,0.513708055,0,,,,,,,
264,72923,0,-0.038759783,1.473386168,-0.161253542,-0.273997277,-0.348128349,0.046986025,0.895278990,0,,,,,,,,0,,,,,,,,0,,,,,,,
265,73035,0,-0.003841918,1.453704596,-0.162122086,-0.261687011,-0.363770366,0.058860853,0.892035007,0,,,,,,,,0,,,,,,,,0,,,,,,,
266,73173,0,0.020458292,1.435143948,-0.156154335,-0.241884604,-0.372286618,0.063007459,0.893825829,0,,,,,,,,0,,,,,,,,0,,,,,,,
267,73299,0,0.040996265,1.405520916,-0.146131366,-0.182910085,-0.390604377,0.074032426,0.899161458,0,,,,,,,,0,,,,,,,,0,,,,,,,
268,73409,0,0.050662380,1.375721693,-0.130446821,-0.120710678,-0.389332622,0.096000135,0.908093095,0,,,,,,,,0,,,,,,,,0,,,,,,,
269,73535,0,0.050019026,1.354110003,-0.108684726,-0.056392051,-0.381009430,0.112677425,0.915945172,0,,,,,,,,0,,,,,,,,0,,,,,,,
270,73632,0,0.044463463,1.328398943,-0.075972259,0.000714602,-0.377015263,0.119824462,0.918423176,0,,,,,,,,0,,,,,,,,0,,,,,,,
271,73741,0,0.037741221,1.318736553,-0.048340749,0.055548098,-0.361819178,0.137663618,0.920353234,0,,,,,,,,0,,,,,,,,0,,,,,,,
272,73839,0,0.027559826,1.322907567,-0.010140954,0.103729613,-0.349373490,0.157152012,0.917867959,0,,,,,,,,0,,,,,,,,0,,,,,,,
273,73936,0,0.021647306,1.330519795,0.015943844,0.143775970,-0.337601960,0.161596686,0.916100383,0,,,,,,,,0,,,,,,,,0,,,,,,,
274,74019,0,0.019375185,1.340629578,0.033386610,0.169248924,-0.322593182,0.177466229,0.914217830,0,,,,,,,,0,,,,,,,,0,,,,,,,
275,74116,0,0.016388327,1.348229885,0.036608018,0.176706702,-0.309789449,0.206211224,0.911198199,0,,,,,,,,0,,,,,,,,0,,,,,,,
276,74200,0,0.013870670,1.351276636,0.034057636,0.180408865,-0.287031531,0.251804024,0.906454802,0,,,,,,,,0,,,,,,,,0,,,,,,,
277,74284,0,0.017247897,1.349406600,0.027510565,0.179912522,-0.269436598,0.278632790,0.904101312,0,,,,,,,,0,,,,,,,,0,,,,,,,
278,74367,0,0.024939789,1.347390175,0.016032733,0.167656749,-0.256330013,0.302850723,0.902478576,0,,,,,,,,0,,,,,,,,0,,,,,,,
279,74464,0,0.036012951,1.344495535,-0.000731114,0.148762912,-0.248335779,0.316554248,0.903322935,0,,,,,,,,0,,,,,,,,0,,,,,,,
280,74548,0,0.050895743,1.337512374,-0.024256675,0.124602124,-0.236261755,0.307861567,0.913168073,0,,,,,,,,0,,,,,,,,0,,,,,,,
281,74645,0,0.064820312,1.330533028,-0.045360982,0.105603740,-0.230676055,0.294841141,0.921251953,0,,,,,,,,0,,,,,,,,0,,,,,,,
282,74742,0,0.080696374,1.318135262,-0.071847290,0.069781072,-0.227342859,0.285664022,0.928354442,0,,,,,,,,0,,,,,,,,0,,,,,,,
283,74839,0,0.096233174,1.301728010,-0.098534122,0.029861543,-0.222216621,0.273239821,0.935450733,0,,,,,,,,0,,,,,,,,0,,,,,,,
284,74951,0,0.108918086,1.286631703,-0.120899901,-0.005548966,-0.221086726,0.262840360,0.939151108,0,,,,,,,,0,,,,,,,,0,,,,,,,
